0	1	date
-75.7030542	40.4963618	11/19/2020
-76.317414	41.6128843	11/19/2020
-75.3645369	40.6449892	11/19/2020
-75.3645369	40.6449892	11/19/2020
-75.2305861	40.705374	11/19/2020
-76.8466018	40.9690749	11/18/2020
-75.6440842	40.4815295	11/18/2020
-75.6440842	40.4815295	11/17/2020
-76.7358165	39.7714179	11/17/2020
-76.7567368	39.7719423	11/17/2020
-76.3289941	40.0346035	11/17/2020
-75.2147614	39.9725533	11/16/2020
-75.5729733	40.5502465	11/16/2020
-76.0662049	40.0208994	11/13/2020
-76.0662049	40.0208994	11/13/2020
-76.0662049	40.0208994	11/13/2020
-76.0662049	40.0208994	11/13/2020
-76.5149622	40.3265945	11/12/2020
-76.426616	40.0425966	11/12/2020
-76.3289941	40.0346035	11/12/2020
-75.3673972	40.055158	11/12/2020
-75.2813554	39.9672321	11/12/2020
-75.3673972	40.055158	11/12/2020
-75.3673972	40.055158	11/12/2020
-75.3673972	40.055158	11/12/2020
-75.3673972	40.055158	11/12/2020
-75.3673972	40.055158	11/12/2020
-75.1508442	39.92377	11/10/2020
-75.2838159	40.8387242	11/9/2020
-77.0461021	39.8680784	11/9/2020
-75.2838159	40.8387242	11/9/2020
-75.2838159	40.8387242	11/9/2020
-79.1524281	40.6211306	11/9/2020
-77.7977726	39.9175908	11/7/2020
-76.9248594	41.2740164	11/6/2020
-76.8706998	41.6403395	11/6/2020
-77.056986	41.2280699	11/6/2020
-76.9248594	41.2740164	11/6/2020
-76.2348763	39.9968503	11/6/2020
-78.3996198	40.4312287	11/6/2020
-79.9177835	40.0534502	11/6/2020
-75.1508442	39.92377	11/4/2020
-75.1508442	39.92377	11/4/2020
-75.1508442	39.92377	11/4/2020
-76.446909	40.4332784	11/2/2020
-77.5671117	39.7479856	11/1/2020
-75.169724	40.0720742	10/30/2020
-75.1540364	40.0052795	10/30/2020
-75.0727043	40.0374885	10/30/2020
-74.9890938	40.0673813	10/30/2020
-77.1945247	41.2033216	10/30/2020
-75.2129452	40.0309161	10/30/2020
-75.1291805	40.0120337	10/30/2020
-75.0236021	40.1142194	10/30/2020
-75.1655737	39.939476	10/30/2020
-75.1668647	39.9950245	10/30/2020
-75.2197374	39.9584609	10/30/2020
-75.070788	40.0558122	10/30/2020
-75.0359704	40.0345012	10/30/2020
-75.1622454	39.9612819	10/30/2020
-75.179162	40.0091445	10/30/2020
-74.9704672	40.0956168	10/30/2020
-75.2482821	39.9087523	10/30/2020
-75.1540364	40.0052795	10/30/2020
-75.0851144	40.0215552	10/30/2020
-75.0669096	40.01599	10/30/2020
-75.1373254	40.0151685	10/30/2020
-75.0727043	40.0374885	10/30/2020
-75.2147614	39.9725533	10/30/2020
-75.2418198	40.0506597	10/29/2020
-75.1699172	39.9848984	10/29/2020
-76.716403	39.9593809	10/28/2020
-75.1622454	39.9612819	10/28/2020
-75.1472414	39.9382626	10/28/2020
-75.2184611	40.6764122	10/28/2020
-75.2207323	40.688432	10/28/2020
-75.3645369	40.6449892	10/28/2020
-75.2640296	40.7322974	10/28/2020
-76.716403	39.9593809	10/28/2020
-77.2310955	39.8309293	10/28/2020
-75.0340604	40.0337228	10/28/2020
-76.5280047	41.9688843	10/27/2020
-75.0851144	40.0215552	10/27/2020
-75.0727043	40.0374885	10/27/2020
-75.7981015	40.3805013	10/26/2020
-79.713825	39.9099806	10/26/2020
-75.1142465	39.9995735	10/26/2020
-76.0275859	40.3394271	10/26/2020
-79.9750315	39.8947228	10/25/2020
-80.2825775	39.8680076	10/24/2020
-76.8477412	41.0120296	10/24/2020
-75.4268251	40.0707887	10/24/2020
-77.6357139	39.9568867	10/23/2020
-75.1022679	40.0084329	10/23/2020
-75.0690722	39.9995808	10/23/2020
-75.1508442	39.92377	10/23/2020
-75.1481991	39.9638669	10/23/2020
-75.0727043	40.0374885	10/23/2020
-75.1483359	40.0033977	10/23/2020
-75.1652215	39.9525839	10/23/2020
-75.070788	40.0558122	10/23/2020
-75.1633849	39.9346353	10/23/2020
-75.1191458	40.043498	10/23/2020
-75.1788884	39.9756011	10/23/2020
-75.1652215	39.9525839	10/23/2020
-75.0525359	40.0919565	10/23/2020
-75.0525359	40.0919565	10/23/2020
-75.1432736	39.9681692	10/23/2020
-75.1216447	40.0193879	10/23/2020
-75.1602384	39.925781	10/23/2020
-75.0669096	40.01599	10/23/2020
-75.0727043	40.0374885	10/23/2020
-75.1583	39.985201	10/23/2020
-75.1491568	40.0478136	10/23/2020
-75.0251539	40.1055778	10/23/2020
-77.0461021	39.8680784	10/23/2020
-75.0842019	40.0388407	10/23/2020
-75.6101844	40.3200972	10/23/2020
-75.0924854	40.0364576	10/23/2020
-75.1297051	39.9722898	10/22/2020
-75.3409104	40.5777999	10/22/2020
-80.1792299	39.8964641	10/22/2020
-75.1346537	40.0303163	10/21/2020
-74.9376829	40.2908129	10/21/2020
-79.9523206	40.5159204	10/21/2020
-75.1338328	40.0160146	10/21/2020
-75.1709736	39.940469	10/21/2020
-75.1734168	39.9698644	10/21/2020
-79.9177835	40.0534502	10/21/2020
-80.2460718	40.1747071	10/21/2020
-79.5153773	40.0369168	10/21/2020
-75.2272279	39.9238999	10/20/2020
-75.1621537	39.9634896	10/20/2020
-75.1207905	40.0310123	10/20/2020
-75.8045272	39.8245582	10/20/2020
-80.1651854	40.3576073	10/19/2020
-79.9323715	40.554213	10/19/2020
-75.2300619	39.9473309	10/19/2020
-74.9762198	40.2133083	10/19/2020
-76.2348763	39.9968503	10/18/2020
-78.8220715	40.2307099	10/17/2020
-75.0521252	40.0670326	10/16/2020
-74.9610288	40.0876473	10/16/2020
-75.0251539	40.1055778	10/16/2020
-75.1198757	40.0203849	10/16/2020
-75.1509354	39.9187542	10/16/2020
-75.1298191	40.0027826	10/16/2020
-75.0525359	40.0919565	10/16/2020
-75.1653457	40.056394	10/16/2020
-75.1769988	39.9904386	10/16/2020
-75.1022679	40.0084329	10/16/2020
-75.1629289	39.9607252	10/16/2020
-75.081282	40.0621268	10/16/2020
-75.1803259	39.980392	10/16/2020
-75.0251539	40.1055778	10/16/2020
-75.2422545	39.9438691	10/16/2020
-75.2422545	39.9438691	10/16/2020
-75.2422545	39.9438691	10/16/2020
-75.0690085	40.0524046	10/16/2020
-75.2117144	39.9572615	10/16/2020
-79.8964861	40.4701201	10/16/2020
-75.1528016	39.9338825	10/16/2020
-79.6769962	41.4489487	10/15/2020
-79.7125993	41.4220554	10/15/2020
-75.1652215	39.9525839	10/15/2020
-74.9587825	40.1142532	10/15/2020
-75.3673972	40.055158	10/15/2020
-75.6010762	40.6613582	10/15/2020
-74.9704672	40.0956168	10/15/2020
-75.3673972	40.055158	10/15/2020
-75.373658	40.6123679	10/14/2020
-75.3673972	40.055158	10/14/2020
-75.3835525	40.1012856	10/14/2020
-77.2148255	40.6570563	10/14/2020
-79.9958864	40.4406248	10/14/2020
-75.3673972	40.055158	10/14/2020
-75.3673972	40.055158	10/13/2020
-75.3673972	40.055158	10/13/2020
-75.3673972	40.055158	10/13/2020
-75.3673972	40.055158	10/13/2020
-79.816192	40.1784717	10/13/2020
-75.3673972	40.055158	10/13/2020
-80.0087746	40.4450813	10/13/2020
-75.3673972	40.055158	10/13/2020
-77.2480391	39.9303715	10/13/2020
-75.3673972	40.055158	10/13/2020
-75.3673972	40.055158	10/13/2020
-75.3673972	40.055158	10/13/2020
-75.3673972	40.055158	10/13/2020
-75.3673972	40.055158	10/13/2020
-75.3673972	40.055158	10/13/2020
-75.6276281	40.3393854	10/13/2020
-75.3673972	40.055158	10/13/2020
-75.3673972	40.055158	10/13/2020
-75.3649013	39.9560901	10/13/2020
-75.3649013	39.9560901	10/13/2020
-75.1652215	39.9525839	10/13/2020
-77.2644152	41.2020171	10/12/2020
-75.2303127	40.1686677	10/12/2020
-80.1876914	39.8994825	10/12/2020
-76.2348763	39.9968503	10/12/2020
-75.232455	39.9215039	10/12/2020
-75.0727043	40.0374885	10/12/2020
-75.1593558	39.9630133	10/12/2020
-75.6684231	40.0060857	10/9/2020
-76.2398721	39.9901409	10/9/2020
-77.2621552	41.1985827	10/9/2020
-77.3113159	41.1934789	10/9/2020
-77.2621552	41.1985827	10/9/2020
-77.2517317	41.2101429	10/9/2020
-77.2311978	41.2682501	10/9/2020
-77.2621552	41.1985827	10/9/2020
-77.2621552	41.1985827	10/9/2020
-77.2621552	41.1985827	10/9/2020
-77.3113159	41.1934789	10/9/2020
-77.2311978	41.2682501	10/9/2020
-77.2621552	41.1985827	10/9/2020
-77.3113159	41.1934789	10/9/2020
-77.2311978	41.2682501	10/9/2020
-77.3113159	41.1934789	10/9/2020
-77.2644152	41.2020171	10/9/2020
-77.2311978	41.2682501	10/9/2020
-77.3113159	41.1934789	10/9/2020
-77.2517317	41.2101429	10/9/2020
-77.2621552	41.1985827	10/9/2020
-77.3113159	41.1934789	10/9/2020
-75.1275443	39.9725859	10/9/2020
-76.2348763	39.9968503	10/9/2020
-77.2666436	41.1954282	10/9/2020
-77.2666436	41.1954282	10/9/2020
-77.2666436	41.1954282	10/9/2020
-77.2666436	41.1954282	10/9/2020
-77.2644152	41.2020171	10/9/2020
-77.2666436	41.1954282	10/9/2020
-77.2644152	41.2020171	10/9/2020
-77.2666436	41.1954282	10/9/2020
-77.2666436	41.1954282	10/9/2020
-77.2644152	41.2020171	10/9/2020
-77.2666436	41.1954282	10/9/2020
-77.2666436	41.1954282	10/9/2020
-77.2666436	41.1954282	10/9/2020
-77.2666436	41.1954282	10/9/2020
-77.2666436	41.1954282	10/9/2020
-76.2348763	39.9968503	10/9/2020
-76.2348763	39.9968503	10/9/2020
-76.2348763	39.9968503	10/9/2020
-76.2348763	39.9968503	10/9/2020
-76.2348763	39.9968503	10/9/2020
-76.2348763	39.9968503	10/9/2020
-76.2348763	39.9968503	10/8/2020
-76.2348763	39.9968503	10/8/2020
-79.0785531	40.0084304	10/8/2020
-75.3456797	40.113868	10/8/2020
-76.2963319	40.0461822	10/8/2020
-79.9742142	40.3744312	10/7/2020
-76.9612004	39.7851754	10/7/2020
-79.9742142	40.3744312	10/6/2020
-76.7105632	39.8879685	10/6/2020
-79.9177835	40.0534502	10/6/2020
-76.6078748	39.8912985	10/6/2020
-76.1238412	40.3501069	10/5/2020
-76.8298401	39.9715989	10/5/2020
-77.0830023	39.9796742	10/5/2020
-76.9612004	39.7851754	10/5/2020
-76.6932438	39.9616927	10/5/2020
-76.9830358	39.8006553	10/5/2020
-75.0842019	40.0388407	10/2/2020
-75.1668647	39.9950245	10/1/2020
-75.7202491	39.8858835	10/1/2020
-75.1668647	39.9950245	10/1/2020
-75.1916941	40.0135424	9/30/2020
-75.1788884	39.9756011	9/30/2020
-75.3673972	40.055158	9/30/2020
-75.203281	40.0748961	9/29/2020
-75.8879111	41.260169	9/29/2020
-79.1261271	41.4737492	9/29/2020
-75.7827961	40.5080523	9/26/2020
-74.9890938	40.0673813	9/25/2020
-75.0690085	40.0524046	9/25/2020
-75.2125349	39.962158	9/25/2020
-74.7785537	40.2108361	9/25/2020
-76.8028933	41.6508891	9/24/2020
-76.5169202	40.6475384	9/23/2020
-76.2348763	39.9968503	9/23/2020
-76.2348763	39.9968503	9/23/2020
-75.070788	40.0558122	9/23/2020
-75.9125719	40.3537066	9/22/2020
-76.2348763	39.9968503	9/22/2020
-76.2348763	39.9968503	9/22/2020
-74.9704672	40.0956168	9/22/2020
-75.0521252	40.0670326	9/22/2020
-75.0521252	40.0670326	9/22/2020
-75.0425362	40.0434383	9/22/2020
-75.0251539	40.1055778	9/22/2020
-75.0750073	40.0300308	9/21/2020
-75.1916941	40.0135424	9/21/2020
-75.112258	39.9926793	9/21/2020
-75.121016	40.0204949	9/20/2020
-77.973865	41.8006451	9/20/2020
-76.1543346	40.2257523	9/18/2020
-77.2631942	41.2003022	9/17/2020
-76.2348763	39.9968503	9/17/2020
-75.9695465	39.9204464	9/17/2020
-76.2506276	40.6865793	9/17/2020
-79.9088628	40.4137261	9/17/2020
-77.0461021	39.8680784	9/17/2020
-76.9982694	41.2446263	9/16/2020
-76.9982694	41.2446263	9/16/2020
-76.9982694	41.2446263	9/16/2020
-76.9989568	41.2272358	9/16/2020
-76.9726153	41.2626006	9/16/2020
-76.8769076	41.1703592	9/16/2020
-76.9982694	41.2446263	9/16/2020
-79.6726632	39.9089086	9/16/2020
-75.6010762	40.6613582	9/16/2020
-79.3859762	41.1894259	9/16/2020
-78.8303844	40.2712613	9/16/2020
-77.0558143	39.8637086	9/16/2020
-77.0461021	39.8680784	9/16/2020
-76.4977208	40.6515135	9/15/2020
-75.6540161	41.4115084	9/15/2020
-80.3238998	40.7075719	9/15/2020
-80.3238998	40.7075719	9/15/2020
-77.0461021	39.8680784	9/15/2020
-80.30241	40.6529172	9/15/2020
-75.6010762	40.6613582	9/14/2020
-75.1805739	39.9844976	9/11/2020
-75.3673972	40.055158	9/11/2020
-75.3673972	40.055158	9/11/2020
-75.1574567	39.9509036	9/11/2020
-75.3673972	40.055158	9/11/2020
-75.1652215	39.9525839	9/10/2020
-75.142772	40.360518	9/10/2020
-75.4042896	40.0280858	9/10/2020
-75.8069082	40.0010204	9/10/2020
-75.3221774	39.9387261	9/10/2020
-75.312064	39.9030751	9/10/2020
-75.3673972	40.055158	9/10/2020
-75.4043542	40.1647571	9/10/2020
-74.7785537	40.2108361	9/10/2020
-75.5378599	39.948323	9/10/2020
-75.1652215	39.9525839	9/10/2020
-78.3115173	40.9597438	9/10/2020
-77.0461021	39.8680784	9/10/2020
-79.9177835	40.0534502	9/10/2020
-77.8382022	40.447194	9/10/2020
-76.2506276	40.6865793	9/10/2020
-76.2825383	40.0544895	9/10/2020
-75.6010762	40.6613582	9/9/2020
-75.3323812	39.9062443	9/8/2020
-75.1652215	39.9525839	9/3/2020
-77.2644152	41.2020171	9/3/2020
-75.1916941	40.0135424	9/1/2020
-75.1916941	40.0135424	9/1/2020
-75.1916941	40.0135424	9/1/2020
-75.070788	40.0558122	8/31/2020
-77.3789171	40.1713229	8/31/2020
-75.7827961	40.5080523	8/30/2020
-75.0525359	40.0919565	8/30/2020
-75.070788	40.0558122	8/28/2020
-77.3047399	41.7594239	8/28/2020
-75.402356	40.532247	8/27/2020
-75.4111644	40.5315878	8/27/2020
-75.3936935	40.5294058	8/27/2020
-75.4253683	40.5368368	8/27/2020
-75.0727043	40.0374885	8/27/2020
-75.7032742	40.0064958	8/26/2020
-75.1652215	39.9525839	8/26/2020
-75.6602588	40.0482286	8/25/2020
-74.9890938	40.0673813	8/24/2020
-75.6684231	40.0060857	8/23/2020
-75.1652215	39.9525839	8/19/2020
-80.019407	40.4455591	8/18/2020
-79.7563459	40.430535	8/18/2020
-78.8359702	40.4780474	8/17/2020
-75.0924854	40.0364576	8/17/2020
-75.1508442	39.92377	8/17/2020
-78.8845276	40.359738	8/16/2020
-78.8359702	40.4780474	8/15/2020
-75.7827961	40.5080523	8/13/2020
-75.1652215	39.9525839	8/13/2020
-75.1471501	40.0778039	8/12/2020
-79.7276936	40.6175437	8/11/2020
-75.0525359	40.0919565	8/7/2020
-78.4412535	41.8086812	8/7/2020
-78.4412535	41.8086812	8/7/2020
-78.4412535	41.8086812	8/7/2020
-75.2129452	40.0309161	8/7/2020
-75.1370254	40.0812601	8/6/2020
-75.1948666	40.0590998	8/6/2020
-75.1652215	39.9525839	8/6/2020
-75.121016	40.0204949	8/6/2020
-75.1652215	39.9525839	8/6/2020
-75.1283399	39.9845608	8/6/2020
-75.7177049	40.0136075	8/6/2020
-75.0583497	40.3205671	8/6/2020
-77.7909776	41.8595178	8/6/2020
-75.1776573	39.9522413	8/6/2020
-80.1651854	40.236216	8/5/2020
-75.1655737	39.939476	8/5/2020
-75.1509354	39.9187542	8/5/2020
-75.070788	40.0558122	8/5/2020
-75.070788	40.0558122	8/5/2020
-75.1734168	39.9698644	8/5/2020
-75.1916941	40.0135424	8/5/2020
-75.2129452	40.0309161	8/5/2020
-75.1831288	39.9216932	8/5/2020
-75.2070979	39.9468299	8/4/2020
-75.1554501	39.9171828	8/4/2020
-75.0141998	40.0922324	8/4/2020
-75.2672292	39.9755336	8/4/2020
-75.1346537	40.0303163	8/4/2020
-75.1528016	39.9338825	8/4/2020
-75.1297051	39.9722898	8/4/2020
-75.2392463	40.0510751	8/4/2020
-75.1463153	39.9819923	8/4/2020
-75.1554501	39.9171828	8/4/2020
-75.1554501	39.9171828	8/4/2020
-75.0646281	40.0447756	8/4/2020
-75.2069733	40.0225705	8/4/2020
-75.1652215	39.9525839	8/4/2020
-75.1652215	39.9525839	8/4/2020
-75.167683	39.9649169	8/4/2020
-75.1347752	39.9778644	8/4/2020
-80.0423151	40.0329488	8/3/2020
-75.1723224	40.0249608	8/2/2020
-75.1596507	40.0864938	7/31/2020
-75.1829393	39.9851965	7/31/2020
-75.1346537	40.0303163	7/31/2020
-75.2507773	39.9750905	7/30/2020
-75.2814674	39.9533093	7/30/2020
-75.0727043	40.0374885	7/30/2020
-75.8813075	41.2459149	7/30/2020
-75.2455817	39.981875	7/29/2020
-75.1508442	39.92377	7/29/2020
-75.1622454	39.9612819	7/29/2020
-75.0727043	40.0374885	7/29/2020
-75.136022	39.9748747	7/29/2020
-75.1948666	40.0590998	7/29/2020
-75.1528016	39.9338825	7/29/2020
-75.203281	40.0748961	7/29/2020
-75.1738727	39.9866421	7/29/2020
-75.221315	40.0494545	7/29/2020
-75.1652215	39.9525839	7/29/2020
-75.203281	40.0748961	7/29/2020
-75.150714	39.9394418	7/29/2020
-75.1022679	40.0084329	7/29/2020
-75.009109	40.120962	7/29/2020
-75.1283399	39.9845608	7/29/2020
-75.070788	40.0558122	7/29/2020
-75.150714	39.9394418	7/29/2020
-75.2672292	39.9755336	7/29/2020
-80.194655	40.250597	7/29/2020
-80.0254591	40.0222042	7/29/2020
-79.9975042	40.4437065	7/29/2020
-80.2238093	40.3190715	7/29/2020
-75.9532186	40.3011727	7/29/2020
-75.7198856	39.8830036	7/25/2020
-77.5600681	40.5952153	7/23/2020
-77.0464475	41.2754573	7/23/2020
-75.5789729	40.5537974	7/22/2020
-75.5439553	40.5125336	7/22/2020
-75.5439553	40.5125336	7/20/2020
-75.7202491	39.8858835	7/20/2020
-75.4967084	40.5369519	7/20/2020
-77.2002745	40.2010241	7/20/2020
-77.1866788	40.1977465	7/20/2020
-76.5169202	40.6475384	7/17/2020
-76.711375	39.9558383	7/15/2020
-78.4412535	41.8086812	7/14/2020
-76.963856	39.8195266	7/13/2020
-77.1945247	41.2033216	7/11/2020
-79.8342163	42.2156131	7/11/2020
-79.9043725	40.4091796	7/10/2020
-75.1014239	40.0120674	7/8/2020
-78.199732	40.4620172	7/8/2020
-76.8838063	40.2664611	7/8/2020
-75.1652215	39.9525839	7/7/2020
-76.7126378	40.2629017	7/7/2020
-79.9105019	40.4053301	7/7/2020
-75.7032742	40.0064958	7/1/2020
-79.7563459	40.430535	7/1/2020
-79.697545	40.4284015	7/1/2020
-79.7567719	40.6037552	7/1/2020
-76.3930285	40.1720909	6/26/2020
-80.0720015	40.316431	6/25/2020
-79.616521	40.6618842	6/24/2020
-76.7358165	39.7714179	6/24/2020
-75.2235209	39.9367646	6/18/2020
-75.1198757	40.0203849	6/17/2020
-75.1622454	39.9612819	6/17/2020
-75.2035085	39.9750378	6/16/2020
-75.1622454	39.9612819	6/16/2020
-76.3870605	40.1753039	6/15/2020
-75.4618281	40.6088262	6/15/2020
-76.2924921	40.338512	6/14/2020
-76.7795449	41.7859636	6/12/2020
-77.056986	41.2280699	6/12/2020
-76.5232354	41.9819287	6/12/2020
-76.9205199	41.2542459	6/12/2020
-76.9079238	41.3157525	6/12/2020
-76.8706998	41.6403395	6/12/2020
-77.056986	41.2280699	6/12/2020
-76.8706998	41.6403395	6/12/2020
-77.056986	41.2280699	6/12/2020
-77.056986	41.2280699	6/12/2020
-76.8706998	41.6403395	6/12/2020
-77.056986	41.2280699	6/12/2020
-76.9472347	41.2614005	6/12/2020
-76.8028933	41.6508891	6/12/2020
-77.056986	41.2280699	6/12/2020
-77.056986	41.2280699	6/12/2020
-76.9053321	41.2555382	6/12/2020
-76.8706998	41.6403395	6/12/2020
-77.056986	41.2280699	6/12/2020
-77.056986	41.2280699	6/12/2020
-77.056986	41.2280699	6/12/2020
-77.056986	41.2280699	6/12/2020
-79.8240715	40.544748	6/12/2020
-77.1094272	39.7909317	6/12/2020
-75.1622454	39.9612819	6/12/2020
-76.2882782	40.344991	6/11/2020
-76.711375	39.9558383	6/10/2020
-78.4523502	40.2848585	6/10/2020
-75.768127	40.5118657	6/10/2020
-75.1652215	39.9525839	6/9/2020
-76.7126378	40.2629017	6/9/2020
-76.695606	39.983198	6/8/2020
-75.7827961	40.5080523	6/5/2020
-79.6960747	40.5502322	6/5/2020
-76.7358165	39.7714179	6/3/2020
-77.7100199	39.9100899	6/3/2020
-75.7827961	40.5080523	6/2/2020
-75.7774177	40.5173165	6/2/2020
-75.7827961	40.5080523	6/2/2020
-75.7827961	40.5080523	6/2/2020
-76.3870605	40.1753039	6/2/2020
-75.1628377	39.980573	6/1/2020
-77.5671117	39.7479856	6/1/2020
-76.9612004	39.7851754	5/28/2020
-75.952765	40.4017313	5/27/2020
-79.4758835	40.6031038	5/22/2020
-79.0445719	39.7973692	5/21/2020
-75.884802	41.2412218	5/21/2020
-79.2451149	39.9307442	5/21/2020
-78.2509884	40.6715374	5/21/2020
-78.8402238	40.2670718	5/21/2020
-78.8323356	40.270693	5/21/2020
-78.3403008	40.3058783	5/21/2020
-78.5555611	40.4805417	5/21/2020
-78.4202124	40.4805676	5/21/2020
-79.1322744	40.0621865	5/21/2020
-78.4202124	40.4805676	5/21/2020
-78.4424762	41.8035217	5/21/2020
-78.4447413	41.8111748	5/21/2020
-76.7190366	39.9458422	5/21/2020
-78.52065	41.7000254	5/21/2020
-78.4424762	41.8035217	5/21/2020
-78.4424762	41.8035217	5/21/2020
-78.4424762	41.8035217	5/20/2020
-76.711375	39.9558383	5/20/2020
-78.4424762	41.8035217	5/20/2020
-78.4424762	41.8035217	5/20/2020
-78.4424762	41.8035217	5/20/2020
-76.2261852	40.0260156	5/19/2020
-75.3054159	40.0138543	5/19/2020
-78.4424762	41.8035217	5/19/2020
-75.1616521	40.2623796	5/19/2020
-75.1346537	40.0303163	5/19/2020
-75.3673972	40.055158	5/19/2020
-75.3673972	40.055158	5/19/2020
-75.3673972	40.055158	5/19/2020
-75.3673972	40.055158	5/19/2020
-75.0619816	40.0298478	5/19/2020
-75.0026972	40.068629	5/19/2020
-75.3673972	40.055158	5/19/2020
-75.3149796	39.9763656	5/19/2020
-75.3673972	40.055158	5/19/2020
-77.1945247	41.2033216	5/19/2020
-75.3673972	40.055158	5/19/2020
-78.4424762	41.8035217	5/18/2020
-78.4424762	41.8035217	5/18/2020
-78.4424762	41.8035217	5/18/2020
-78.4424762	41.8035217	5/18/2020
-78.4424762	41.8035217	5/18/2020
-78.4424762	41.8035217	5/15/2020
-78.4202124	40.4805676	5/15/2020
-78.4447413	41.8111748	5/15/2020
-78.4424762	41.8035217	5/15/2020
-78.4424762	41.8035217	5/15/2020
-78.52065	41.7000254	5/14/2020
-78.52065	41.7000254	5/14/2020
-78.4424762	41.8035217	5/14/2020
-75.412569	40.0938713	5/14/2020
-78.4424762	41.8035217	5/14/2020
-78.4424762	41.8035217	5/14/2020
-78.52065	41.7000254	5/14/2020
-78.4447413	41.8111748	5/14/2020
-78.4447413	41.8111748	5/14/2020
-78.4424762	41.8035217	5/14/2020
-78.4424762	41.8035217	5/14/2020
-78.4424762	41.8035217	5/14/2020
-75.2082387	39.9531373	5/14/2020
-75.2082387	39.9531373	5/13/2020
-76.711375	39.9558383	5/13/2020
-76.711375	39.9558383	5/12/2020
-75.6907301	40.0891894	5/12/2020
-79.3352899	40.9864312	5/12/2020
-78.4447413	41.8111748	5/11/2020
-75.9268747	40.3356483	5/8/2020
-75.7836589	40.9364273	5/7/2020
-76.2247366	41.9142796	5/7/2020
-76.8893907	40.2763634	5/7/2020
-79.3842576	41.2057199	5/6/2020
-77.3807262	40.1742124	5/6/2020
-75.1652215	39.9525839	5/5/2020
-78.4424762	41.8035217	5/5/2020
-79.35717	40.09957	5/5/2020
-80.0564468	41.0639506	5/5/2020
-76.147668	40.2287475	5/5/2020
-76.285202	40.338123	5/4/2020
-75.0251539	40.1055778	5/4/2020
-75.1525771	39.944574	5/1/2020
-75.9497713	41.2422192	4/30/2020
-75.1652215	39.9525839	4/30/2020
-75.1399443	39.9938284	4/30/2020
-75.136022	39.9748747	4/30/2020
-75.1347752	39.9778644	4/30/2020
-75.2482821	39.9087523	4/30/2020
-75.1652215	39.9525839	4/30/2020
-75.1945728	39.9558177	4/30/2020
-75.1616407	39.9229689	4/30/2020
-75.1410341	40.3188351	4/30/2020
-75.874655	41.2386324	4/30/2020
-77.3047399	41.7594239	4/30/2020
-77.3807262	40.1742124	4/29/2020
-76.0623979	40.0124129	4/29/2020
-76.9343724	40.3049419	4/27/2020
-76.2825383	40.0544895	4/27/2020
-76.2825383	40.0544895	4/27/2020
-79.8803039	41.0009155	4/26/2020
-75.2640296	40.7322974	4/25/2020
-76.7803581	40.2924975	4/24/2020
-77.5391332	40.0434384	4/24/2020
-77.0311002	40.0937144	4/24/2020
-76.7848635	40.3251663	4/24/2020
-77.0132798	40.2695595	4/24/2020
-77.3831634	40.1753044	4/24/2020
-76.4331698	40.1778151	4/23/2020
-75.2711482	40.2101111	4/22/2020
-75.3786448	40.2856486	4/22/2020
-75.5533057	39.9373953	4/22/2020
-76.2825383	40.0544895	4/21/2020
-76.6408872	40.2797842	4/20/2020
-76.6528225	40.2740388	4/20/2020
-75.8045272	39.8245582	4/18/2020
-77.1394185	40.1523487	4/16/2020
-75.3988312	39.9448284	4/15/2020
-75.3988312	39.9448284	4/15/2020
-75.9891607	41.0023271	4/14/2020
-76.2911009	40.080997	4/13/2020
-75.8907603	40.3281484	4/11/2020
-75.3275527	40.5719872	4/10/2020
-80.1792299	39.8964641	4/10/2020
-77.056986	41.2280699	4/8/2020
-78.4523502	40.2848585	4/8/2020
-76.9982694	41.2446263	4/7/2020
-76.9982694	41.2446263	4/7/2020
-76.9982694	41.2446263	4/7/2020
-76.9982694	41.2446263	4/7/2020
-76.9680866	41.2608277	4/7/2020
-76.9205199	41.2542459	4/7/2020
-77.0002062	41.2462959	4/7/2020
-76.6127329	40.96342	4/7/2020
-76.9982694	41.2446263	4/7/2020
-76.9726153	41.2626006	4/7/2020
-76.842137	41.0088086	4/7/2020
-76.8720961	41.3640096	4/7/2020
-78.9740725	40.9521719	4/1/2020
-78.4739947	41.9376636	3/31/2020
-78.8359702	40.4780474	3/30/2020
-75.9513208	40.327419	3/30/2020
-78.727234	41.424404	3/30/2020
-79.9424626	40.4515207	3/30/2020
-78.4412535	41.8086812	3/30/2020
-79.7125993	41.4220554	3/30/2020
-76.2348763	39.9968503	3/29/2020
-79.7527736	39.8934904	3/28/2020
-78.727234	41.424404	3/28/2020
-75.5378599	39.948323	3/26/2020
-76.4970924	40.045852	3/22/2020
-79.3208893	41.003273	3/18/2020
-75.3629241	40.0946819	3/17/2020
-79.3887786	41.2185373	3/13/2020
-79.1548533	40.7294603	3/13/2020
-79.050034	40.7700641	3/13/2020
-79.1774268	40.5509362	3/13/2020
-79.1589225	40.5320448	3/13/2020
-79.1589225	40.5320448	3/13/2020
-79.4758835	40.6031038	3/13/2020
-79.8257349	41.4117011	3/12/2020
-78.787667	41.1192629	3/12/2020
-79.3887786	41.2185373	3/12/2020
-79.8257349	41.4117011	3/12/2020
-78.787667	41.1192629	3/12/2020
-79.8783875	41.4242102	3/12/2020
-79.6854329	41.4285097	3/12/2020
-79.713825	39.9099806	3/11/2020
-76.1788391	40.1798165	3/11/2020
-76.179108	40.1753272	3/11/2020
-76.1919584	40.180407	3/11/2020
-80.2825775	39.8680076	3/11/2020
-75.5039211	40.6480541	3/11/2020
-75.5039211	40.6480541	3/10/2020
-76.9612004	39.7851754	3/10/2020
-75.5914721	40.6065678	3/10/2020
-75.4099368	40.6543375	3/10/2020
-75.5509602	40.5096092	3/9/2020
-75.7373857	41.8987136	3/9/2020
-75.5509602	40.5096092	3/9/2020
-75.5435004	40.5150455	3/9/2020
-76.9248594	41.2740164	3/9/2020
-77.0464475	41.2754573	3/9/2020
-77.0464475	41.2754573	3/9/2020
-77.0464475	41.2754573	3/9/2020
-77.0464475	41.2754573	3/9/2020
-77.0464475	41.2754573	3/9/2020
-77.0464475	41.2754573	3/9/2020
-77.0464475	41.2754573	3/9/2020
-77.0464475	41.2754573	3/9/2020
-77.8748688	40.7761233	3/8/2020
-79.4758835	40.6031038	3/8/2020
-76.5313011	41.9687168	3/7/2020
-79.7527736	39.8934904	3/6/2020
-79.7527736	39.8934904	3/6/2020
-79.7527736	39.8934904	3/6/2020
-79.7527736	39.8934904	3/6/2020
-79.7527736	39.8934904	3/6/2020
-79.7527736	39.8934904	3/6/2020
-79.7527736	39.8934904	3/6/2020
-79.7527736	39.8934904	3/6/2020
-79.7527736	39.8934904	3/6/2020
-79.7527736	39.8934904	3/6/2020
-79.7527736	39.8934904	3/6/2020
-79.7527736	39.8934904	3/6/2020
-79.7527736	39.8934904	3/6/2020
-79.713825	39.9099806	3/6/2020
-79.7527736	39.8934904	3/6/2020
-79.6726632	39.9089086	3/6/2020
-79.6826349	39.9248822	3/6/2020
-79.7527736	39.8934904	3/6/2020
-79.7527736	39.8934904	3/6/2020
-79.7527736	39.8934904	3/6/2020
-79.7527736	39.8934904	3/6/2020
-79.7527736	39.8934904	3/6/2020
-79.7527736	39.8934904	3/6/2020
-79.7527736	39.8934904	3/6/2020
-76.8028933	41.6508891	3/6/2020
-75.3673972	40.055158	3/6/2020
-76.1544619	39.8667518	3/6/2020
-77.0680821	41.2390016	3/5/2020
-79.3578201	40.5678269	3/5/2020
-75.3673972	40.055158	3/5/2020
-79.703753	39.912993	3/5/2020
-78.7485064	41.1276768	3/5/2020
-79.7277582	39.8798224	3/5/2020
-79.028192	41.1485658	3/5/2020
-80.071417	40.4236419	3/5/2020
-77.0461021	39.8680784	3/4/2020
-79.4758835	40.6031038	3/4/2020
-79.7277582	39.8798224	3/4/2020
-79.7277582	39.8798224	3/4/2020
-79.7277582	39.8798224	3/4/2020
-79.7277582	39.8798224	3/4/2020
-76.9612004	39.7851754	3/4/2020
-79.4758835	40.6031038	3/4/2020
-79.3578201	40.5678269	3/4/2020
-76.9830358	39.8006553	3/4/2020
-79.4758835	40.6031038	3/3/2020
-76.62512	41.8615888	3/3/2020
-75.7990983	40.3797574	3/3/2020
-75.6276281	40.3393854	3/3/2020
-78.7249469	41.1071729	3/3/2020
-79.5340428	41.2285818	3/3/2020
-79.4758835	40.6031038	3/3/2020
-79.8296743	41.3896611	3/3/2020
-76.5130539	40.0964588	3/3/2020
-75.5439553	40.5125336	3/3/2020
-75.2429838	40.0136759	3/2/2020
-79.4758835	40.6031038	3/2/2020
-77.0461021	39.8680784	3/1/2020
-76.2348763	39.9968503	3/1/2020
-79.0810772	41.160447	3/1/2020
-79.4811077	40.6081618	2/28/2020
-79.4758835	40.6031038	2/28/2020
-79.4758835	40.6031038	2/28/2020
-79.4758835	40.6031038	2/28/2020
-75.7032742	40.0064958	2/28/2020
-75.7097504	39.9887578	2/28/2020
-79.4758835	40.6031038	2/27/2020
-79.4758835	40.6031038	2/27/2020
-79.4758835	40.6031038	2/27/2020
-79.4758835	40.6031038	2/27/2020
-79.3578201	40.5678269	2/27/2020
-79.4758835	40.6031038	2/27/2020
-79.3578201	40.5678269	2/27/2020
-79.2121142	40.6231584	2/27/2020
-79.3578201	40.5678269	2/27/2020
-79.4758835	40.6031038	2/27/2020
-78.944911	40.639352	2/27/2020
-79.4758835	40.6031038	2/27/2020
-79.4758835	40.6031038	2/27/2020
-75.5039211	40.6480541	2/26/2020
-75.4985521	40.6572331	2/26/2020
-79.3859762	41.1894259	2/25/2020
-79.5017817	41.0346064	2/25/2020
-79.1096901	41.4817143	2/25/2020
-75.1778853	40.8587892	2/25/2020
-75.4991891	40.6474493	2/25/2020
-78.8350223	40.2397986	2/25/2020
-75.5039211	40.6480541	2/24/2020
-79.7210426	40.7051509	2/23/2020
-75.8777679	41.2415377	2/22/2020
-76.5313011	41.9687168	2/21/2020
-75.5016262	40.6463724	2/21/2020
-76.1942223	40.1846823	2/21/2020
-76.1942223	40.1846823	2/20/2020
-76.9583649	39.7873382	2/20/2020
-75.402356	40.532247	2/19/2020
-80.121871	41.876557	2/19/2020
-75.402356	40.532247	2/19/2020
-75.402356	40.532247	2/19/2020
-80.121871	41.876557	2/19/2020
-80.121871	41.876557	2/19/2020
-80.1317236	41.8742225	2/19/2020
-80.121871	41.876557	2/19/2020
-80.121871	41.876557	2/19/2020
-75.2117144	39.9572615	2/19/2020
-76.62512	41.8615888	2/18/2020
-76.5313011	41.9687168	2/18/2020
-80.0421404	40.3380144	2/18/2020
-75.3645369	40.4458448	2/18/2020
-80.0912423	40.6436367	2/18/2020
-79.6826349	39.9248822	2/18/2020
-76.5280047	41.9688843	2/18/2020
-77.0680821	41.2390016	2/18/2020
-77.056986	41.2280699	2/18/2020
-77.0798494	41.8022834	2/18/2020
-77.0789606	41.7997591	2/18/2020
-79.6826349	39.9248822	2/18/2020
-76.9825777	39.7892232	2/17/2020
-79.6826349	39.9248822	2/17/2020
-75.3673972	40.055158	2/17/2020
-75.3673972	40.055158	2/17/2020
-75.3673972	40.055158	2/17/2020
-75.3673972	40.055158	2/17/2020
-75.3673972	40.055158	2/17/2020
-75.3673972	40.055158	2/17/2020
-75.3673972	40.055158	2/17/2020
-75.3673972	40.055158	2/17/2020
-75.3673972	40.055158	2/17/2020
-75.3673972	40.055158	2/17/2020
-75.3673972	40.055158	2/17/2020
-75.3673972	40.055158	2/17/2020
-79.625389	41.9183509	2/17/2020
-75.3673972	40.055158	2/17/2020
-75.3673972	40.055158	2/17/2020
-75.3673972	40.055158	2/17/2020
-75.3673972	40.055158	2/17/2020
-75.3673972	40.055158	2/17/2020
-79.6052884	41.882818	2/17/2020
-75.3673972	40.055158	2/17/2020
-75.3673972	40.055158	2/17/2020
-75.3673972	40.055158	2/17/2020
-77.1945247	41.2033216	2/17/2020
-75.3673972	40.055158	2/17/2020
-75.3673972	40.055158	2/17/2020
-75.3673972	40.055158	2/17/2020
-75.3673972	40.055158	2/17/2020
-75.3673972	40.055158	2/17/2020
-75.3673972	40.055158	2/17/2020
-75.3673972	40.055158	2/17/2020
-75.3673972	40.055158	2/17/2020
-75.3673972	40.055158	2/17/2020
-75.3673972	40.055158	2/17/2020
-75.3673972	40.055158	2/17/2020
-75.6068053	40.2608472	2/17/2020
-75.3673972	40.055158	2/17/2020
-75.3673972	40.055158	2/17/2020
-75.3673972	40.055158	2/17/2020
-75.3673972	40.055158	2/17/2020
-75.3673972	40.055158	2/17/2020
-76.9991341	41.2320232	2/17/2020
-76.9972468	41.2261191	2/17/2020
-76.9972468	41.2261191	2/17/2020
-76.9992718	41.2288548	2/17/2020
-76.9972468	41.2261191	2/17/2020
-76.9991341	41.2320232	2/17/2020
-76.9991341	41.2320232	2/17/2020
-76.9991341	41.2320232	2/17/2020
-77.0449327	41.1962601	2/17/2020
-76.9991341	41.2320232	2/17/2020
-76.9991341	41.2320232	2/17/2020
-76.9992718	41.2288548	2/17/2020
-76.9992718	41.2288548	2/17/2020
-76.9991341	41.2320232	2/17/2020
-76.9991341	41.2320232	2/17/2020
-76.9972468	41.2261191	2/17/2020
-76.9992718	41.2288548	2/17/2020
-76.9991341	41.2320232	2/17/2020
-76.9991341	41.2320232	2/17/2020
-76.9991341	41.2320232	2/17/2020
-76.9992718	41.2288548	2/17/2020
-77.0449327	41.1962601	2/17/2020
-76.9992718	41.2288548	2/17/2020
-76.9991341	41.2320232	2/17/2020
-76.9991341	41.2320232	2/17/2020
-76.9991341	41.2320232	2/17/2020
-76.9991341	41.2320232	2/17/2020
-76.9991341	41.2320232	2/17/2020
-76.9991341	41.2320232	2/17/2020
-76.9991341	41.2320232	2/17/2020
-76.9972468	41.2261191	2/17/2020
-76.9991341	41.2320232	2/17/2020
-76.9972468	41.2261191	2/17/2020
-76.9972468	41.2261191	2/17/2020
-76.9992718	41.2288548	2/17/2020
-77.0010786	41.2411897	2/17/2020
-76.9972468	41.2261191	2/17/2020
-76.9972468	41.2261191	2/17/2020
-79.8842393	40.0632191	2/17/2020
-77.1255055	41.1757362	2/16/2020
-76.9972468	41.2261191	2/16/2020
-75.3108795	40.3121591	2/16/2020
-76.6097141	39.9074113	2/15/2020
-76.5179991	41.9572965	2/14/2020
-76.62512	41.8615888	2/14/2020
-75.2677304	39.956163	2/14/2020
-75.2677304	39.956163	2/14/2020
-77.0464475	41.2754573	2/14/2020
-76.2882782	40.344991	2/14/2020
-76.288682	40.3464485	2/14/2020
-76.2924921	40.338512	2/14/2020
-76.2882782	40.344991	2/14/2020
-76.2882782	40.344991	2/14/2020
-76.2882782	40.344991	2/14/2020
-76.2924921	40.338512	2/14/2020
-76.2882782	40.344991	2/14/2020
-76.2924921	40.338512	2/14/2020
-76.2924921	40.338512	2/14/2020
-76.2924921	40.338512	2/14/2020
-76.2942507	40.3217578	2/14/2020
-76.2924921	40.338512	2/14/2020
-76.2882782	40.344991	2/14/2020
-76.288682	40.3464485	2/14/2020
-76.2942507	40.3217578	2/14/2020
-76.2924921	40.338512	2/14/2020
-76.2924921	40.338512	2/14/2020
-76.2924921	40.338512	2/14/2020
-76.2924921	40.338512	2/14/2020
-76.2924921	40.338512	2/14/2020
-76.3027318	40.3745363	2/14/2020
-76.2882782	40.344991	2/14/2020
-76.2882782	40.344991	2/14/2020
-76.288682	40.3464485	2/14/2020
-76.2924921	40.338512	2/14/2020
-80.2098219	40.8845736	2/14/2020
-79.9271666	40.5701248	2/14/2020
-79.9407812	40.5831392	2/14/2020
-79.9271666	40.5701248	2/14/2020
-79.9271666	40.5701248	2/14/2020
-79.9271666	40.5701248	2/14/2020
-79.9271666	40.5701248	2/14/2020
-79.9407812	40.5831392	2/14/2020
-79.9528451	40.5913173	2/14/2020
-79.9407812	40.5831392	2/14/2020
-80.2461028	40.4957129	2/14/2020
-76.288682	40.3464485	2/14/2020
-76.2882782	40.344991	2/14/2020
-79.9271666	40.5701248	2/14/2020
-76.2882782	40.344991	2/14/2020
-79.9458538	40.5883752	2/14/2020
-76.2882782	40.344991	2/14/2020
-76.2882782	40.344991	2/14/2020
-76.2882782	40.344991	2/14/2020
-76.2924921	40.338512	2/14/2020
-76.2942507	40.3217578	2/14/2020
-76.2882782	40.344991	2/14/2020
-76.288682	40.3464485	2/14/2020
-76.288682	40.3464485	2/14/2020
-76.2882782	40.344991	2/14/2020
-76.288682	40.3464485	2/14/2020
-76.288682	40.3464485	2/14/2020
-76.288682	40.3464485	2/14/2020
-76.2882782	40.344991	2/14/2020
-76.2882782	40.344991	2/14/2020
-76.2882782	40.344991	2/14/2020
-76.2882782	40.344991	2/14/2020
-76.2825383	40.0544895	2/14/2020
-76.2942507	40.3217578	2/14/2020
-76.2882782	40.344991	2/14/2020
-76.2882782	40.344991	2/14/2020
-76.2882782	40.344991	2/14/2020
-76.2882782	40.344991	2/14/2020
-76.2942507	40.3217578	2/14/2020
-76.2942507	40.3217578	2/14/2020
-76.2882782	40.344991	2/14/2020
-76.2882782	40.344991	2/14/2020
-76.2882782	40.344991	2/14/2020
-76.2882782	40.344991	2/14/2020
-76.2882782	40.344991	2/14/2020
-76.2924921	40.338512	2/14/2020
-76.288682	40.3464485	2/14/2020
-76.2882782	40.344991	2/14/2020
-76.2882782	40.344991	2/14/2020
-76.2882782	40.344991	2/14/2020
-76.2942507	40.3217578	2/14/2020
-76.2882782	40.344991	2/14/2020
-76.2882782	40.344991	2/14/2020
-76.2924921	40.338512	2/14/2020
-76.2882782	40.344991	2/14/2020
-76.2924921	40.338512	2/14/2020
-76.2882782	40.344991	2/14/2020
-80.0139204	40.6568181	2/13/2020
-80.0199562	40.516624	2/13/2020
-77.056986	41.2280699	2/13/2020
-74.9091853	40.1764387	2/13/2020
-76.9972468	41.2261191	2/12/2020
-75.3645369	40.4458448	2/12/2020
-75.2565653	39.9200323	2/12/2020
-75.2565653	39.9200323	2/12/2020
-75.2565653	39.9200323	2/12/2020
-75.2565653	39.9200323	2/12/2020
-75.3698895	40.0415996	2/12/2020
-75.385884	40.0420949	2/12/2020
-75.3620669	40.0080434	2/12/2020
-75.2565653	39.9200323	2/12/2020
-76.883446	40.2927851	2/12/2020
-75.1602384	39.9564879	2/12/2020
-76.883446	40.2927851	2/12/2020
-76.883446	40.2927851	2/12/2020
-78.4412535	41.8086812	2/12/2020
-75.2565653	39.9200323	2/12/2020
-75.3594362	40.0392335	2/12/2020
-75.3004009	39.9518646	2/12/2020
-75.2565653	39.9200323	2/12/2020
-76.9972468	41.2261191	2/12/2020
-77.1945247	41.2033216	2/12/2020
-76.9972468	41.2261191	2/11/2020
-76.9834777	41.2472344	2/11/2020
-75.3323812	39.9062443	2/11/2020
-79.6826349	39.9248822	2/10/2020
-76.62512	41.8615888	2/10/2020
-79.9475287	40.5913143	2/10/2020
-75.4917561	40.3832756	2/10/2020
-76.3930285	40.1720909	2/10/2020
-75.8437043	40.7738947	2/10/2020
-77.0464475	41.2754573	2/10/2020
-76.5950555	41.8807801	2/10/2020
-77.6528966	39.9283801	2/10/2020
-75.5039211	40.6480541	2/10/2020
-76.1770154	40.4516922	2/9/2020
-79.6199986	40.0195109	2/7/2020
-76.883446	40.2927851	2/7/2020
-80.0581636	40.686696	2/7/2020
-75.8437043	40.7738947	2/7/2020
-76.883446	40.2927851	2/7/2020
-75.2951158	40.7466384	2/7/2020
-76.9834777	41.2472344	2/7/2020
-76.9834777	41.2472344	2/7/2020
-76.883446	40.2927851	2/7/2020
-75.6530843	41.4637233	2/7/2020
-76.883446	40.2927851	2/7/2020
-76.883446	40.2927851	2/7/2020
-76.883446	40.2927851	2/7/2020
-77.1255055	41.1757362	2/7/2020
-75.13339	41.0008313	2/6/2020
-75.2044451	40.9836698	2/6/2020
-80.4771472	40.5453556	2/6/2020
-75.3041609	40.669549	2/5/2020
-75.3936935	40.5294058	2/5/2020
-75.3987804	40.5380876	2/5/2020
-75.3987804	40.5380876	2/5/2020
-77.0464475	41.2754573	2/5/2020
-75.5746105	40.0017036	2/4/2020
-77.0464475	41.2754573	2/4/2020
-78.0175377	40.4989319	2/4/2020
-78.0175377	40.4989319	2/4/2020
-77.9510209	40.5087323	2/4/2020
-78.0175377	40.4989319	2/4/2020
-78.0175377	40.4989319	2/4/2020
-78.0175377	40.4989319	2/4/2020
-78.0175377	40.4989319	2/4/2020
-78.5821546	40.1423343	2/4/2020
-78.0175377	40.4989319	2/4/2020
-76.9199742	40.2398118	2/4/2020
-77.6611022	39.9375911	2/4/2020
-75.8907013	40.3271512	2/3/2020
-76.1544619	39.8667518	2/3/2020
-75.5729733	40.5502465	2/3/2020
-75.5729733	40.5502465	2/3/2020
-75.5729733	40.5502465	2/3/2020
-77.6611022	39.9375911	2/1/2020
-77.0464475	41.2754573	2/1/2020
-77.0680821	41.2390016	2/1/2020
-75.2951158	40.7466384	1/31/2020
-79.7164326	39.900076	1/31/2020
-79.703753	39.912993	1/31/2020
-79.703753	39.912993	1/31/2020
-79.703753	39.912993	1/31/2020
-79.703753	39.912993	1/31/2020
-79.703753	39.912993	1/31/2020
-79.8479386	40.3720493	1/31/2020
-79.8481977	40.3719683	1/31/2020
-77.056986	41.2280699	1/30/2020
-76.9680866	41.2608277	1/30/2020
-79.707382	39.860216	1/30/2020
-77.0464475	41.2754573	1/30/2020
-80.121871	41.876557	1/30/2020
-77.0010786	41.2411897	1/30/2020
-77.0464475	41.2754573	1/30/2020
-75.3323812	39.9062443	1/29/2020
-76.6097141	39.9074113	1/29/2020
-79.9958864	40.4406248	1/29/2020
-76.2348763	39.9968503	1/29/2020
-75.5039211	40.6480541	1/29/2020
-75.402356	40.532247	1/28/2020
-76.2348763	39.9968503	1/28/2020
-76.2348763	39.9968503	1/28/2020
-77.2631942	41.2003022	1/28/2020
-76.3930285	40.1720909	1/28/2020
-79.2270282	40.2438859	1/27/2020
-79.2270282	40.2438859	1/27/2020
-75.5729733	40.5502465	1/27/2020
-75.5729733	40.5502465	1/27/2020
-75.5729733	40.5502465	1/27/2020
-75.9519426	41.3447974	1/26/2020
-77.0706571	41.2256103	1/25/2020
-77.8974427	39.8500181	1/24/2020
-75.334703	39.8922345	1/24/2020
-75.7861112	41.566885	1/24/2020
-75.5039211	40.6480541	1/24/2020
-76.7541768	39.9637733	1/24/2020
-76.2038984	40.8182816	1/24/2020
-79.707382	39.860216	1/23/2020
-80.085059	42.1292241	1/23/2020
-79.707382	39.860216	1/23/2020
-79.707382	39.860216	1/23/2020
-79.9968052	42.1402499	1/23/2020
-79.3147541	41.8525434	1/23/2020
-79.9968052	42.1402499	1/23/2020
-79.9968052	42.1402499	1/23/2020
-80.121871	41.876557	1/23/2020
-79.9968052	42.1402499	1/23/2020
-79.9968052	42.1402499	1/23/2020
-80.0960924	42.0289705	1/23/2020
-80.085059	42.1292241	1/23/2020
-79.9968052	42.1402499	1/23/2020
-75.402356	40.532247	1/23/2020
-76.1707409	40.6341119	1/23/2020
-79.707382	39.860216	1/23/2020
-79.707382	39.860216	1/23/2020
-79.707382	39.860216	1/23/2020
-75.5439553	40.5125336	1/23/2020
-75.2640296	40.7322974	1/23/2020
-79.707382	39.860216	1/23/2020
-79.707382	39.860216	1/23/2020
-79.2438815	40.2534184	1/23/2020
-75.3612653	40.0473595	1/23/2020
-76.5179991	41.9572965	1/22/2020
-76.8028933	41.6508891	1/22/2020
-75.5160235	40.6743766	1/22/2020
-80.0870155	40.3205701	1/22/2020
-78.199732	40.4620172	1/22/2020
-78.8129031	41.6551896	1/22/2020
-75.5039211	40.6480541	1/22/2020
-79.8481977	40.3719683	1/22/2020
-80.096334	40.5867764	1/22/2020
-79.9475287	40.5913143	1/22/2020
-79.9475287	40.5913143	1/22/2020
-79.8184684	40.3375203	1/22/2020
-80.0311881	40.5685776	1/22/2020
-80.2159592	40.564049	1/22/2020
-79.6826349	39.9248822	1/22/2020
-77.2644152	41.2020171	1/22/2020
-80.0700809	40.3341143	1/22/2020
-79.6826349	39.9248822	1/21/2020
-80.0663706	40.5009265	1/21/2020
-76.2038984	40.8182816	1/21/2020
-76.2996197	40.1027607	1/21/2020
-75.5039211	40.6480541	1/21/2020
-75.5039211	40.6480541	1/21/2020
-76.5950555	41.8807801	1/21/2020
-77.2631942	41.2003022	1/20/2020
-77.2631942	41.2003022	1/20/2020
-77.2631942	41.2003022	1/20/2020
-77.2517317	41.2101429	1/20/2020
-77.2631942	41.2003022	1/20/2020
-77.2631942	41.2003022	1/20/2020
-77.2644152	41.2020171	1/20/2020
-77.2631942	41.2003022	1/20/2020
-77.2631942	41.2003022	1/20/2020
-77.2644152	41.2020171	1/20/2020
-77.2631942	41.2003022	1/20/2020
-77.2631942	41.2003022	1/20/2020
-77.2631942	41.2003022	1/20/2020
-77.2631942	41.2003022	1/20/2020
-77.2644152	41.2020171	1/20/2020
-77.2631942	41.2003022	1/20/2020
-77.2631942	41.2003022	1/20/2020
-77.2631942	41.2003022	1/20/2020
-77.2631942	41.2003022	1/20/2020
-77.2631942	41.2003022	1/20/2020
-77.2644152	41.2020171	1/20/2020
-75.6602588	40.0482286	1/20/2020
-77.2644152	41.2020171	1/20/2020
-77.2631942	41.2003022	1/20/2020
-77.2644152	41.2020171	1/20/2020
-77.0010786	41.2411897	1/20/2020
-77.0464475	41.2754573	1/20/2020
-77.0464475	41.2754573	1/20/2020
-77.0464475	41.2754573	1/20/2020
-77.2644152	41.2020171	1/20/2020
-77.2631942	41.2003022	1/20/2020
-77.2666436	41.1954282	1/20/2020
-76.1988329	40.6817507	1/20/2020
-75.9853225	40.8264943	1/20/2020
-75.9853225	40.8264943	1/20/2020
-75.9853225	40.8264943	1/20/2020
-75.9853225	40.8264943	1/20/2020
-77.2644152	41.2020171	1/20/2020
-77.2644152	41.2020171	1/20/2020
-76.9472347	41.2614005	1/18/2020
-78.3829408	41.953301	1/18/2020
-77.1094272	39.7909317	1/17/2020
-76.8407322	41.6598205	1/17/2020
-76.8028933	41.6508891	1/17/2020
-76.8407322	41.6598205	1/17/2020
-76.8407322	41.6598205	1/17/2020
-76.8407322	41.6598205	1/17/2020
-76.8028933	41.6508891	1/17/2020
-76.8028933	41.6508891	1/17/2020
-77.0740774	41.8069342	1/17/2020
-76.8028933	41.6508891	1/17/2020
-76.8407322	41.6598205	1/17/2020
-76.8028933	41.6508891	1/17/2020
-76.8028933	41.6508891	1/17/2020
-76.8407322	41.6598205	1/17/2020
-76.8028933	41.6508891	1/17/2020
-76.8422715	41.6578266	1/17/2020
-76.8028933	41.6508891	1/17/2020
-76.8028933	41.6508891	1/17/2020
-76.8407322	41.6598205	1/17/2020
-76.8028933	41.6508891	1/17/2020
-76.8407322	41.6598205	1/17/2020
-76.8407322	41.6598205	1/17/2020
-76.8407322	41.6598205	1/17/2020
-76.8028933	41.6508891	1/17/2020
-76.8028933	41.6508891	1/17/2020
-76.8028933	41.6508891	1/17/2020
-76.8028933	41.6508891	1/17/2020
-76.8028933	41.6508891	1/17/2020
-76.8422715	41.6578266	1/17/2020
-76.8028933	41.6508891	1/17/2020
-76.8028933	41.6508891	1/17/2020
-76.8407322	41.6598205	1/17/2020
-76.8028933	41.6508891	1/17/2020
-76.8028933	41.6508891	1/17/2020
-76.8407322	41.6598205	1/17/2020
-76.8028933	41.6508891	1/17/2020
-76.8407322	41.6598205	1/17/2020
-76.8422715	41.6578266	1/17/2020
-76.8422715	41.6578266	1/17/2020
-76.8028933	41.6508891	1/17/2020
-76.8028933	41.6508891	1/17/2020
-76.5313011	41.9687168	1/17/2020
-77.1094272	39.7909317	1/17/2020
-76.8028933	41.6508891	1/17/2020
-76.8028933	41.6508891	1/17/2020
-76.8028933	41.6508891	1/17/2020
-76.8028933	41.6508891	1/17/2020
-76.8028933	41.6508891	1/17/2020
-76.8407322	41.6598205	1/17/2020
-75.5039211	40.6480541	1/17/2020
-75.334703	39.8922345	1/17/2020
-77.1094272	39.7909317	1/17/2020
-77.1094272	39.7909317	1/17/2020
-75.5039211	40.6480541	1/17/2020
-76.8028933	41.6508891	1/17/2020
-75.5039211	40.6480541	1/17/2020
-75.5039211	40.6480541	1/17/2020
-75.5039211	40.6480541	1/17/2020
-75.5039211	40.6480541	1/17/2020
-75.5039211	40.6480541	1/17/2020
-75.5039211	40.6480541	1/17/2020
-75.5039211	40.6480541	1/17/2020
-75.5039211	40.6480541	1/17/2020
-75.5039211	40.6480541	1/17/2020
-75.5039211	40.6480541	1/17/2020
-75.5039211	40.6480541	1/17/2020
-75.5039211	40.6480541	1/17/2020
-77.1094272	39.7909317	1/17/2020
-75.5039211	40.6480541	1/17/2020
-75.5039211	40.6480541	1/17/2020
-75.5039211	40.6480541	1/17/2020
-75.5039211	40.6480541	1/17/2020
-75.5039211	40.6480541	1/17/2020
-75.5039211	40.6480541	1/17/2020
-75.5039211	40.6480541	1/17/2020
-75.5039211	40.6480541	1/17/2020
-75.5039211	40.6480541	1/17/2020
-75.5039211	40.6480541	1/17/2020
-75.5039211	40.6480541	1/17/2020
-75.5039211	40.6480541	1/17/2020
-75.5039211	40.6480541	1/17/2020
-75.5039211	40.6480541	1/17/2020
-75.5039211	40.6480541	1/17/2020
-76.8028933	41.6508891	1/17/2020
-76.8422715	41.6578266	1/17/2020
-76.8028933	41.6508891	1/17/2020
-75.5039211	40.6480541	1/17/2020
-76.8028933	41.6508891	1/17/2020
-77.2631942	41.2003022	1/17/2020
-75.5039211	40.6480541	1/16/2020
-75.5435004	40.5150455	1/16/2020
-75.5435004	40.5150455	1/16/2020
-78.8129031	41.6551896	1/16/2020
-75.3323812	39.9062443	1/16/2020
-75.7832452	41.5648322	1/15/2020
-76.8028933	41.6508891	1/15/2020
-78.2664718	41.8151283	1/15/2020
-76.8028933	41.6508891	1/15/2020
-79.8533676	40.4149672	1/15/2020
-78.3950203	40.5112094	1/15/2020
-78.402198	40.493463	1/15/2020
-78.8156113	40.1128005	1/15/2020
-78.2509884	40.6715374	1/15/2020
-78.4202124	40.4805676	1/15/2020
-78.4202124	40.4805676	1/15/2020
-78.3614672	40.1485131	1/15/2020
-78.3618185	40.4220515	1/15/2020
-78.3710233	40.0122709	1/15/2020
-78.815274	40.1185668	1/15/2020
-79.0345236	40.158117	1/15/2020
-78.3992421	40.5081076	1/15/2020
-78.7391763	40.4905546	1/15/2020
-78.1564432	40.2284406	1/15/2020
-75.724356	40.685105	1/15/2020
-78.1792434	40.692866	1/15/2020
-76.8028933	41.6508891	1/15/2020
-76.3254659	40.121995	1/14/2020
-76.8422715	41.6578266	1/14/2020
-75.3435408	40.6527213	1/14/2020
-76.6191854	39.8402387	1/14/2020
-76.3870605	40.1753039	1/14/2020
-76.8711052	39.8783184	1/14/2020
-75.2640296	40.7322974	1/13/2020
-75.5039211	40.6480541	1/13/2020
-76.9205199	41.2542459	1/13/2020
-79.703753	39.912993	1/11/2020
-75.6530843	41.4637233	1/10/2020
-75.6530843	41.4637233	1/10/2020
-75.3247284	40.1124575	1/10/2020
-79.9534133	40.44439	1/10/2020
-75.5435004	40.5150455	1/10/2020
-80.0545838	40.494158	1/10/2020
-76.5313011	41.9687168	1/9/2020
-76.30719	40.0589678	1/9/2020
-76.30719	40.0589678	1/9/2020
-76.30719	40.0589678	1/9/2020
-76.5313011	41.9687168	1/9/2020
-76.5313011	41.9687168	1/8/2020
-75.6801195	40.0333802	1/8/2020
-80.0417037	40.333245	1/8/2020
-76.5313011	41.9687168	1/8/2020
-76.5313011	41.9687168	1/7/2020
-76.5179991	41.9572965	1/7/2020
-76.5313011	41.9687168	1/7/2020
-76.9583649	39.7873382	1/7/2020
-79.1499146	40.6318331	1/7/2020
-76.883446	40.2927851	1/7/2020
-75.4968502	40.5395421	1/6/2020
-76.8407322	41.6598205	1/6/2020
-75.2207323	40.688432	1/6/2020
-76.2825383	40.0544895	1/6/2020
-75.4968502	40.5395421	1/6/2020
-75.6634296	40.0413939	1/3/2020
-75.2832387	40.0682732	1/3/2020
-75.7032742	40.0064958	1/3/2020
-75.3323812	39.9062443	1/3/2020
-75.7032742	40.0064958	1/3/2020
-75.3323812	39.9062443	1/3/2020
-76.2825383	40.0544895	1/2/2020
-75.5729733	40.5502465	1/2/2020
-75.2687872	40.2210998	12/29/2019
-76.9472347	41.2614005	12/28/2019
-75.3698895	40.0415996	12/19/2019
-75.7991282	40.2582641	12/19/2019
-80.1943469	40.415749	12/18/2019
-76.9825777	39.7892232	12/17/2019
-75.3860311	40.0743396	12/17/2019
-76.9612004	39.7851754	12/17/2019
-79.9958864	40.4406248	12/17/2019
-75.3761952	40.0972222	12/17/2019
-80.4847923	41.2130299	12/17/2019
-76.8407322	41.6598205	12/16/2019
-76.8028933	41.6508891	12/16/2019
-75.49341	40.0299809	12/12/2019
-76.0558713	39.8080573	12/12/2019
-75.3673972	40.055158	12/12/2019
-76.1942223	40.1846823	12/11/2019
-76.1942223	40.1846823	12/11/2019
-76.2131474	40.2016415	12/11/2019
-76.5856659	40.2981485	12/11/2019
-76.1770154	40.4516922	12/11/2019
-76.2348763	39.9968503	12/11/2019
-76.2348763	39.9968503	12/11/2019
-79.7544895	40.3400694	12/11/2019
-76.2996197	40.1027607	12/11/2019
-76.9972468	41.2261191	12/10/2019
-76.0598925	40.0228751	12/10/2019
-76.247912	40.436301	12/10/2019
-76.2348763	39.9968503	12/10/2019
-76.4208779	40.3263396	12/10/2019
-76.1469433	39.895245	12/10/2019
-76.9991341	41.2320232	12/10/2019
-78.3980976	40.5097827	12/10/2019
-76.9972468	41.2261191	12/10/2019
-75.5773392	40.3152802	12/10/2019
-76.9972468	41.2261191	12/10/2019
-76.9972468	41.2261191	12/10/2019
-76.9972468	41.2261191	12/10/2019
-79.7281959	40.3219698	12/10/2019
-75.952765	40.4017313	12/10/2019
-76.426616	40.0425966	12/9/2019
-75.9484106	40.3231873	12/9/2019
-76.6528225	40.0930663	12/9/2019
-76.30719	40.0589678	12/9/2019
-76.6643728	40.1246161	12/9/2019
-76.118133	40.439838	12/9/2019
-76.118133	40.439838	12/9/2019
-79.237261	40.182935	12/9/2019
-79.2997573	40.3339589	12/9/2019
-75.724356	40.685105	12/9/2019
-76.9053321	41.2555382	12/9/2019
-75.5439553	40.5125336	12/9/2019
-76.9972468	41.2261191	12/8/2019
-76.2954609	40.7751	12/6/2019
-76.2954609	40.7751	12/6/2019
-76.1910536	40.7206451	12/6/2019
-76.2954609	40.7751	12/6/2019
-76.2621697	40.6906451	12/6/2019
-76.3809324	40.5601034	12/6/2019
-76.2123338	40.6825783	12/6/2019
-76.3809324	40.5601034	12/6/2019
-75.724356	40.685105	12/6/2019
-80.3101684	41.1030438	12/5/2019
-76.9680866	41.2608277	12/5/2019
-76.1942223	40.1846823	12/5/2019
-75.5056664	40.5345167	12/4/2019
-76.7150885	40.0577585	12/4/2019
-75.724356	40.685105	12/4/2019
-75.724356	40.685105	12/4/2019
-75.724356	40.685105	12/4/2019
-75.724356	40.685105	12/4/2019
-76.1259413	40.2080491	12/3/2019
-76.1259413	40.2080491	12/3/2019
-76.1232796	40.2114823	12/3/2019
-76.1259413	40.2080491	12/3/2019
-76.1486936	40.2264749	12/3/2019
-76.1259413	40.2080491	12/3/2019
-76.1486936	40.2264749	12/3/2019
-76.063524	40.24057	12/3/2019
-76.1551866	40.2648443	12/3/2019
-77.0798494	41.8022834	11/27/2019
-75.2377878	40.9972392	11/27/2019
-75.402877	40.922367	11/27/2019
-75.233868	41.0009713	11/27/2019
-75.233868	41.0009713	11/27/2019
-75.3124968	40.9189093	11/27/2019
-75.402877	40.922367	11/27/2019
-75.5235131	40.1179367	11/26/2019
-75.5184802	40.1272577	11/26/2019
-79.8314437	41.3978358	11/26/2019
-75.8609946	41.2985167	11/26/2019
-75.8913366	41.2398809	11/26/2019
-75.8879111	41.260169	11/26/2019
-75.8879111	41.260169	11/26/2019
-75.402877	40.922367	11/26/2019
-75.402877	40.922367	11/26/2019
-75.7990075	41.3274638	11/26/2019
-76.0275859	40.9568399	11/26/2019
-75.9497713	41.2141908	11/26/2019
-75.7990075	41.3274638	11/26/2019
-75.5509602	40.5096092	11/26/2019
-80.2098219	40.8845736	11/25/2019
-80.3401099	41.1261507	11/25/2019
-79.8744836	40.8754659	11/25/2019
-80.3401099	41.1261507	11/25/2019
-80.3992652	41.0106634	11/25/2019
-80.4215246	41.1722531	11/25/2019
-80.4847923	41.2130299	11/25/2019
-75.1673521	39.9530971	11/21/2019
-79.9177835	40.0534502	11/21/2019
-79.9177835	40.0534502	11/21/2019
-79.9177835	40.0534502	11/21/2019
-75.5160235	40.1953273	11/21/2019
-75.7032742	40.0064958	11/20/2019
-77.0010786	41.2411897	11/20/2019
-76.2348763	39.9968503	11/20/2019
-76.2348763	39.9968503	11/20/2019
-75.4675101	40.609077	11/20/2019
-76.8795277	40.2614563	11/20/2019
-77.8488772	40.8058525	11/19/2019
-79.9177835	40.0534502	11/19/2019
-75.2640296	40.7322974	11/19/2019
-75.844936	41.8419254	11/19/2019
-75.4675101	40.609077	11/19/2019
-76.9583649	39.7873382	11/19/2019
-76.9583649	39.7873382	11/19/2019
-76.9583649	39.7873382	11/19/2019
-76.9612004	39.7851754	11/19/2019
-77.0464475	41.2754573	11/19/2019
-75.4263231	40.654742	11/18/2019
-75.6530843	41.4637233	11/18/2019
-75.2915179	40.522598	11/18/2019
-77.2644152	41.2020171	11/18/2019
-76.9991341	41.2320232	11/18/2019
-76.9053321	41.2555382	11/18/2019
-77.0798494	41.8022834	11/18/2019
-77.299301	41.742612	11/18/2019
-77.0449327	41.1962601	11/18/2019
-77.0740774	41.8069342	11/18/2019
-77.2621552	41.1985827	11/18/2019
-76.9989568	41.2272358	11/18/2019
-76.9991341	41.2320232	11/18/2019
-76.515499	41.9789631	11/18/2019
-77.0449327	41.1962601	11/18/2019
-76.8028933	41.6508891	11/18/2019
-76.9053321	41.2555382	11/18/2019
-76.9972468	41.2261191	11/18/2019
-77.2644152	41.2020171	11/18/2019
-75.4675101	40.609077	11/18/2019
-75.4675101	40.609077	11/18/2019
-76.5313011	41.9687168	11/18/2019
-75.4675101	40.609077	11/18/2019
-75.4675101	40.609077	11/18/2019
-75.4675101	40.609077	11/18/2019
-75.4675101	40.609077	11/18/2019
-75.4675101	40.609077	11/18/2019
-75.4675101	40.609077	11/18/2019
-75.6602588	40.0482286	11/18/2019
-76.606611	40.5889861	11/18/2019
-76.3457825	40.7817542	11/18/2019
-76.3868797	40.572899	11/18/2019
-76.1506574	40.8096419	11/18/2019
-76.5313011	41.9687168	11/18/2019
-80.3309719	40.9759407	11/18/2019
-76.883446	40.2927851	11/17/2019
-75.5112008	40.1893112	11/15/2019
-75.5039211	40.6480541	11/15/2019
-76.7148209	40.0612288	11/15/2019
-76.5398818	39.9986546	11/15/2019
-76.7150885	40.0577585	11/15/2019
-76.9692338	39.7940495	11/15/2019
-80.4771472	40.5453556	11/15/2019
-76.765676	39.9605341	11/15/2019
-76.7075415	39.9972901	11/15/2019
-76.5884648	39.9227112	11/15/2019
-77.2405153	39.8066145	11/15/2019
-76.5324434	40.0242646	11/15/2019
-75.5160235	40.1953273	11/15/2019
-75.5160235	40.1953273	11/14/2019
-80.3309719	40.9759407	11/14/2019
-79.8744836	40.8754659	11/14/2019
-75.5509602	40.5096092	11/14/2019
-75.5066921	40.5353369	11/14/2019
-76.5231155	41.9675329	11/14/2019
-75.4746273	40.6548191	11/14/2019
-76.2398721	39.9901409	11/14/2019
-75.5016262	40.6463724	11/14/2019
-76.1802078	41.8386862	11/14/2019
-78.8845276	40.359738	11/13/2019
-76.171054	40.6306464	11/13/2019
-76.1435915	40.5934	11/13/2019
-76.1707409	40.6341119	11/13/2019
-76.171054	40.6306464	11/13/2019
-76.2618786	41.6681309	11/13/2019
-77.0564464	41.7780873	11/13/2019
-77.2631942	41.2003022	11/13/2019
-75.0182612	41.1776366	11/13/2019
-77.0798494	41.8022834	11/13/2019
-77.11324	41.5580179	11/13/2019
-76.9834777	41.2472344	11/13/2019
-76.1075196	40.0083146	11/13/2019
-76.1075196	40.0083146	11/13/2019
-76.192894	40.089384	11/13/2019
-76.0662049	40.0208994	11/13/2019
-76.0662049	40.0208994	11/13/2019
-75.0994851	40.1844825	11/12/2019
-75.5043761	40.3839297	11/12/2019
-75.4929453	40.3804628	11/12/2019
-75.1195107	40.1240795	11/12/2019
-75.0552739	40.1507107	11/12/2019
-75.5891097	39.9285479	11/11/2019
-75.2915179	40.522598	11/11/2019
-79.5287072	40.2774326	11/11/2019
-75.6054882	39.9606643	11/11/2019
-75.5978933	39.9656758	11/11/2019
-75.7202491	39.8858835	11/11/2019
-75.6536298	40.0183609	11/11/2019
-75.7032742	40.0064958	11/11/2019
-75.8700609	40.2448738	11/11/2019
-75.5884294	39.9314975	11/11/2019
-75.610056	40.208019	11/11/2019
-75.6576296	40.0182362	11/11/2019
-76.147668	40.2287475	11/11/2019
-75.4746273	40.6548191	11/11/2019
-75.4643313	40.658445	11/11/2019
-75.4746273	40.6548191	11/11/2019
-75.4643313	40.658445	11/11/2019
-75.4746273	40.6548191	11/11/2019
-75.4746273	40.6548191	11/11/2019
-75.4643313	40.658445	11/11/2019
-75.4643313	40.658445	11/11/2019
-75.4643313	40.658445	11/11/2019
-76.6122624	41.231961	11/8/2019
-75.4643313	40.658445	11/8/2019
-75.402356	40.532247	11/8/2019
-75.402356	40.532247	11/8/2019
-75.402356	40.532247	11/8/2019
-78.3933398	40.436002	11/8/2019
-78.2797352	41.810898	11/7/2019
-77.0794705	39.8493189	11/7/2019
-78.9708668	40.9436753	11/6/2019
-76.9662087	41.2610811	11/6/2019
-76.9680866	41.2608277	11/6/2019
-76.9680866	41.2608277	11/6/2019
-76.9680866	41.2608277	11/6/2019
-76.9662087	41.2610811	11/6/2019
-76.9680866	41.2608277	11/6/2019
-76.9662087	41.2610811	11/6/2019
-76.9662087	41.2610811	11/6/2019
-76.972031	41.2511146	11/6/2019
-76.9662087	41.2610811	11/6/2019
-76.9680866	41.2608277	11/6/2019
-76.9662087	41.2610811	11/6/2019
-76.9662087	41.2610811	11/6/2019
-76.9662087	41.2610811	11/6/2019
-76.9662087	41.2610811	11/6/2019
-76.1707409	40.6341119	11/6/2019
-76.9662087	41.2610811	11/5/2019
-76.9680866	41.2608277	11/5/2019
-76.2363248	40.0033209	11/5/2019
-75.5563273	39.934391	11/5/2019
-75.620757	40.0236283	11/5/2019
-76.9662087	41.2610811	11/5/2019
-76.9662087	41.2610811	11/5/2019
-76.9662087	41.2610811	11/5/2019
-75.4181755	40.6375298	11/5/2019
-75.360256	40.6473099	11/5/2019
-75.3604616	40.6330605	11/5/2019
-75.3803707	40.6095654	11/5/2019
-75.3601974	40.6106723	11/5/2019
-75.395774	40.6260301	11/5/2019
-76.9726321	41.2626224	11/5/2019
-76.9662087	41.2610811	11/5/2019
-75.454091	40.21947	11/5/2019
-75.4183511	40.2145944	11/5/2019
-75.4975856	40.2790094	11/5/2019
-75.4636821	40.2205851	11/5/2019
-75.451571	40.1856597	11/5/2019
-75.4636821	40.2205851	11/5/2019
-75.4975856	40.2790094	11/5/2019
-80.30241	40.6529172	11/5/2019
-75.5997445	39.9678058	11/5/2019
-75.5653489	39.9795577	11/5/2019
-78.8845276	40.359738	11/5/2019
-78.3933398	40.436002	11/4/2019
-79.5293878	41.2322634	11/4/2019
-79.7175517	41.1609942	11/4/2019
-78.2386244	40.6706184	11/4/2019
-75.3153684	39.9528601	11/4/2019
-75.3004009	39.9518646	11/4/2019
-76.2376622	41.8623656	11/4/2019
-76.7427603	39.9405539	11/4/2019
-75.6046228	41.5597457	11/1/2019
-79.60836	40.3146823	11/1/2019
-78.3618185	40.4220515	11/1/2019
-75.8901567	40.328804	11/1/2019
-78.3618185	40.4220515	11/1/2019
-76.2376622	41.8623656	10/31/2019
-76.2376622	41.8623656	10/31/2019
-76.2247366	41.9142796	10/31/2019
-76.2376622	41.8623656	10/31/2019
-76.2376622	41.8623656	10/31/2019
-76.2376622	41.8623656	10/31/2019
-76.2376622	41.8623656	10/31/2019
-76.2376622	41.8623656	10/31/2019
-76.2376622	41.8623656	10/31/2019
-76.2247366	41.9142796	10/31/2019
-76.2376622	41.8623656	10/31/2019
-76.2376622	41.8623656	10/31/2019
-76.2376622	41.8623656	10/31/2019
-76.2376622	41.8623656	10/31/2019
-80.0890211	40.6105084	10/31/2019
-76.2348763	39.9968503	10/31/2019
-79.5153773	41.2421141	10/31/2019
-79.3352899	40.9864312	10/31/2019
-79.086571	41.1729155	10/31/2019
-79.6951103	41.3379184	10/31/2019
-79.0830924	41.1611746	10/31/2019
-78.3908646	40.3359888	10/31/2019
-75.4643313	40.658445	10/30/2019
-75.4643313	40.658445	10/30/2019
-75.4643313	40.658445	10/30/2019
-75.4643313	40.658445	10/30/2019
-75.4643313	40.658445	10/30/2019
-80.028183	40.5707866	10/30/2019
-75.4643313	40.658445	10/30/2019
-75.4111644	40.5315878	10/30/2019
-76.2996197	40.1027607	10/29/2019
-76.3055144	40.0378755	10/29/2019
-74.9325683	40.0994425	10/28/2019
-80.30241	40.6529172	10/28/2019
-75.7836589	40.3792341	10/28/2019
-76.5941299	40.1559191	10/28/2019
-78.4069732	41.9436307	10/28/2019
-77.7332121	41.9241805	10/28/2019
-78.4980919	40.0157274	10/28/2019
-75.3456797	40.113868	10/28/2019
-75.3456797	40.113868	10/28/2019
-78.3301701	40.600712	10/26/2019
-78.3980976	40.5097827	10/25/2019
-78.3980976	40.5097827	10/25/2019
-78.3319486	40.5949409	10/25/2019
-78.2486272	40.6735983	10/25/2019
-78.3991862	40.5107642	10/25/2019
-78.3618185	40.4220515	10/25/2019
-75.7212486	40.002344	10/25/2019
-75.3193052	40.1462746	10/24/2019
-76.063524	40.24057	10/23/2019
-76.1232796	40.2114823	10/23/2019
-76.1486936	40.2264749	10/23/2019
-76.1259413	40.2080491	10/23/2019
-76.1259413	40.2080491	10/23/2019
-76.1371683	40.2331483	10/23/2019
-76.1259413	40.2080491	10/23/2019
-76.0563303	40.2412035	10/23/2019
-76.1259413	40.2080491	10/23/2019
-76.0563303	40.2412035	10/23/2019
-76.1259413	40.2080491	10/23/2019
-76.1371683	40.2331483	10/23/2019
-75.3456797	40.113868	10/23/2019
-79.9958864	40.4406248	10/22/2019
-77.3047399	41.7594239	10/22/2019
-76.1551866	40.2648443	10/22/2019
-77.304577	41.759742	10/22/2019
-76.1551866	40.2648443	10/22/2019
-80.2094643	41.4281554	10/22/2019
-75.4714098	40.6022939	10/21/2019
-76.7790059	40.3277024	10/19/2019
-75.3609163	40.1180419	10/19/2019
-78.3826878	41.9530131	10/18/2019
-75.5039211	40.6480541	10/18/2019
-80.4378126	40.5682842	10/17/2019
-75.4643313	40.658445	10/17/2019
-75.4669709	40.6788946	10/17/2019
-75.4669709	40.6788946	10/17/2019
-75.6010762	40.6613582	10/17/2019
-75.5039211	40.6480541	10/17/2019
-75.3987804	40.5380876	10/17/2019
-75.5485057	40.6057485	10/17/2019
-75.6010762	40.6613582	10/17/2019
-75.7236743	40.8340252	10/17/2019
-75.724356	40.685105	10/17/2019
-75.5485057	40.6057485	10/17/2019
-75.4675101	40.609077	10/17/2019
-75.4714098	40.6022939	10/17/2019
-80.4771472	40.5453556	10/17/2019
-75.4643313	40.658445	10/17/2019
-79.9155973	40.8631806	10/17/2019
-80.4771472	40.5453556	10/17/2019
-76.1543346	40.2257523	10/17/2019
-76.147668	40.2287475	10/17/2019
-76.147668	40.2287475	10/17/2019
-76.147668	40.2287475	10/17/2019
-76.147668	40.2287475	10/17/2019
-76.1543346	40.2257523	10/17/2019
-76.2024689	40.288487	10/17/2019
-76.147668	40.2287475	10/17/2019
-76.147668	40.2287475	10/17/2019
-80.3664524	40.4917341	10/16/2019
-75.9347113	41.2220253	10/16/2019
-75.9146419	41.2311929	10/16/2019
-75.9497713	41.2141908	10/16/2019
-76.0832605	41.1862659	10/16/2019
-76.0832605	41.1862659	10/16/2019
-75.9218273	41.2273547	10/16/2019
-75.8767241	41.2839929	10/16/2019
-75.9218273	41.2273547	10/16/2019
-75.8767241	41.2839929	10/16/2019
-75.9218273	41.2273547	10/16/2019
-75.9218273	41.2273547	10/16/2019
-75.8924256	41.0213001	10/16/2019
-75.9218273	41.2273547	10/16/2019
-75.9497713	41.2422192	10/16/2019
-76.0832605	41.1862659	10/16/2019
-75.9037242	41.2333794	10/16/2019
-75.8912458	41.2614948	10/16/2019
-75.8912458	41.2614948	10/16/2019
-80.4842417	41.2131725	10/16/2019
-76.9647561	39.8038101	10/16/2019
-77.0798494	41.8022834	10/14/2019
-77.0564464	41.7780873	10/14/2019
-77.1116104	41.5607528	10/14/2019
-77.0564464	41.7780873	10/14/2019
-77.1116104	41.5607528	10/14/2019
-77.0564464	41.7780873	10/14/2019
-77.0564464	41.7780873	10/14/2019
-77.1116104	41.5607528	10/14/2019
-75.1514574	40.8856663	10/14/2019
-75.1514574	40.8856663	10/14/2019
-75.1514574	40.8856663	10/14/2019
-75.1514574	40.8856663	10/14/2019
-75.1514574	40.8856663	10/14/2019
-75.1514574	40.8856663	10/14/2019
-75.1514574	40.8856663	10/14/2019
-75.151437	40.8755798	10/14/2019
-75.151437	40.8755798	10/14/2019
-75.151437	40.8755798	10/14/2019
-75.2065676	40.8656515	10/14/2019
-75.151437	40.8755798	10/14/2019
-75.151437	40.8755798	10/14/2019
-75.151437	40.8755798	10/14/2019
-75.1516826	40.8803709	10/14/2019
-75.2065676	40.8656515	10/14/2019
-75.1516826	40.8803709	10/14/2019
-75.1516826	40.8803709	10/14/2019
-79.8808706	40.4256097	10/14/2019
-77.2982239	41.0356123	10/11/2019
-77.2982239	41.0356123	10/11/2019
-77.2982239	41.0356123	10/11/2019
-77.2982239	41.0356123	10/11/2019
-77.2982239	41.0356123	10/11/2019
-77.2982239	41.0356123	10/11/2019
-77.2982239	41.0356123	10/11/2019
-77.2982239	41.0356123	10/11/2019
-79.3859762	41.1894259	10/11/2019
-79.3275426	41.2022858	10/11/2019
-79.8314437	41.3978358	10/11/2019
-78.974936	40.9540197	10/11/2019
-78.8722341	41.0718683	10/11/2019
-79.2762038	41.1839602	10/11/2019
-78.9752109	40.9549965	10/11/2019
-75.4099368	40.6543375	10/11/2019
-75.402356	40.532247	10/11/2019
-75.402356	40.532247	10/11/2019
-80.0781303	40.5317466	10/9/2019
-78.2664718	41.8151283	10/8/2019
-78.2664718	41.8151283	10/8/2019
-79.3859762	41.1894259	10/8/2019
-78.9395196	40.316374	10/8/2019
-79.375447	40.3078621	10/8/2019
-79.375447	40.3078621	10/8/2019
-79.2270282	40.2438859	10/8/2019
-78.0117568	41.7736337	10/7/2019
-79.8808706	40.4256097	10/7/2019
-79.6451702	40.3519753	10/7/2019
-79.6658227	40.4539604	10/7/2019
-79.8808706	40.4256097	10/7/2019
-76.285202	40.338123	10/7/2019
-79.6713699	40.1785414	10/4/2019
-77.1116104	41.5607528	10/4/2019
-76.9662087	41.2610811	10/3/2019
-79.8393985	40.505101	10/3/2019
-79.8808706	40.4256097	10/3/2019
-79.8393985	40.505101	10/2/2019
-79.8168049	40.5452832	10/2/2019
-80.0912423	40.6436367	10/2/2019
-76.1259413	40.2080491	10/2/2019
-76.063524	40.24057	10/2/2019
-76.0563303	40.2412035	10/2/2019
-79.8064586	40.4504889	10/2/2019
-76.1486936	40.2264749	10/2/2019
-76.1371683	40.2331483	10/2/2019
-76.1486936	40.2264749	10/2/2019
-76.1486936	40.2264749	10/2/2019
-79.758532	40.4291538	10/1/2019
-79.8250479	40.4059022	10/1/2019
-79.8392158	40.5011794	10/1/2019
-79.8781466	40.3303987	10/1/2019
-79.9088628	40.4137261	10/1/2019
-80.1943469	40.415749	10/1/2019
-79.7512033	40.4324714	10/1/2019
-80.0890211	40.6105084	10/1/2019
-78.3826878	41.9530131	9/30/2019
-75.3096237	40.740375	9/30/2019
-75.607235	40.6630449	9/30/2019
-76.9548541	39.7597923	9/30/2019
-76.9583649	39.7873382	9/27/2019
-76.9647561	39.8038101	9/27/2019
-75.3320623	40.5721428	9/27/2019
-75.2640296	40.7322974	9/27/2019
-75.2640296	40.7322974	9/27/2019
-75.4099368	40.6543375	9/27/2019
-75.2951158	40.7466384	9/27/2019
-75.3399425	40.664639	9/27/2019
-75.2951158	40.7466384	9/27/2019
-75.1817547	41.0030522	9/27/2019
-75.3645369	40.6449892	9/27/2019
-75.1722312	41.0209853	9/27/2019
-75.1722312	41.0209853	9/27/2019
-75.2640296	40.7322974	9/27/2019
-75.1078332	41.1457657	9/27/2019
-75.4577775	40.736457	9/27/2019
-75.487772	40.688149	9/27/2019
-75.1078332	41.1457657	9/27/2019
-75.607235	40.6630449	9/27/2019
-75.185174	41.005292	9/27/2019
-75.4577775	40.736457	9/27/2019
-75.3448562	40.6640136	9/27/2019
-75.4968501	40.6862075	9/27/2019
-75.2951158	40.7466384	9/27/2019
-75.8437043	40.7738947	9/27/2019
-75.6062922	40.5078387	9/27/2019
-75.56588	40.533346	9/27/2019
-75.1778853	40.8587892	9/27/2019
-75.2118967	40.8444421	9/27/2019
-75.4019675	40.6683718	9/27/2019
-75.487772	40.688149	9/27/2019
-75.4890875	40.6864622	9/27/2019
-75.1514574	40.8856663	9/27/2019
-75.2640296	40.7322974	9/27/2019
-76.8637181	40.2530835	9/26/2019
-78.2664718	41.8151283	9/26/2019
-76.9472347	41.2614005	9/26/2019
-79.9679671	40.6974825	9/26/2019
-75.1978328	39.9709605	9/26/2019
-75.596151	40.03198	9/26/2019
-75.7032742	40.0064958	9/26/2019
-75.2955714	40.2547119	9/25/2019
-75.3288282	40.5713747	9/25/2019
-77.3113159	41.1934789	9/25/2019
-78.5609398	41.4273738	9/25/2019
-76.7506975	40.0118023	9/24/2019
-75.5737358	40.0010803	9/24/2019
-78.0784755	40.5621331	9/24/2019
-75.3456797	40.113868	9/24/2019
-78.0205602	41.7747878	9/23/2019
-80.44868	41.2333896	9/23/2019
-78.0117568	41.7736337	9/23/2019
-79.9088628	40.4137261	9/23/2019
-79.9864071	40.7048212	9/23/2019
-75.737149	40.6526625	9/23/2019
-76.9647561	39.8038101	9/23/2019
-78.0117568	41.7736337	9/23/2019
-78.0117568	41.7736337	9/23/2019
-78.0205602	41.7747878	9/23/2019
-78.0117568	41.7736337	9/23/2019
-78.0117568	41.7736337	9/23/2019
-78.0117568	41.7736337	9/23/2019
-78.0117568	41.7736337	9/23/2019
-78.0117568	41.7736337	9/23/2019
-78.0117568	41.7736337	9/23/2019
-76.711375	39.9558383	9/22/2019
-74.9376829	40.2908129	9/21/2019
-80.1295686	41.6348335	9/21/2019
-79.9088628	40.4137261	9/20/2019
-79.9088628	40.4137261	9/20/2019
-79.6769962	41.4489487	9/20/2019
-77.0798494	41.8022834	9/19/2019
-78.4069732	41.9436307	9/19/2019
-78.4739947	41.9376636	9/19/2019
-75.7042497	40.0572724	9/19/2019
-77.0464475	41.2754573	9/19/2019
-78.4069732	41.9436307	9/19/2019
-78.3826878	41.9530131	9/19/2019
-78.3826878	41.9530131	9/19/2019
-78.4069732	41.9436307	9/19/2019
-77.0651259	41.6806151	9/18/2019
-79.7512033	40.4324714	9/18/2019
-77.1116104	41.5607528	9/17/2019
-75.1410341	40.3188351	9/17/2019
-77.1116104	41.5607528	9/17/2019
-75.5509602	40.6291115	9/17/2019
-75.6010762	40.6613582	9/17/2019
-75.737149	40.6526625	9/17/2019
-77.0789606	41.7997591	9/16/2019
-77.0564464	41.7780873	9/16/2019
-77.0564464	41.7780873	9/16/2019
-77.0789606	41.7997591	9/16/2019
-77.0789606	41.7997591	9/16/2019
-77.0789606	41.7997591	9/16/2019
-77.0798494	41.8022834	9/16/2019
-77.0651259	41.6806151	9/16/2019
-77.0789606	41.7997591	9/16/2019
-77.1046928	41.5584074	9/16/2019
-77.0798494	41.8022834	9/16/2019
-77.0564464	41.7780873	9/16/2019
-77.1116104	41.5607528	9/16/2019
-77.1116104	41.5607528	9/16/2019
-77.1116104	41.5607528	9/16/2019
-77.0798494	41.8022834	9/16/2019
-77.0626525	41.6799882	9/16/2019
-77.1116104	41.5607528	9/16/2019
-77.0626525	41.6799882	9/16/2019
-77.0789606	41.7997591	9/16/2019
-77.0638567	41.6795186	9/16/2019
-77.1116104	41.5607528	9/16/2019
-77.0789606	41.7997591	9/16/2019
-77.0651259	41.6806151	9/16/2019
-77.0798494	41.8022834	9/16/2019
-78.4412535	41.8086812	9/16/2019
-75.7827961	40.5080523	9/14/2019
-74.8769932	40.1067451	9/14/2019
-80.1460244	41.641457	9/12/2019
-79.9064387	42.0566885	9/12/2019
-76.9647561	39.8038101	9/12/2019
-76.9583649	39.7873382	9/11/2019
-78.3115173	40.9597438	9/11/2019
-75.6342521	40.0784461	9/11/2019
-79.3352899	40.9864312	9/10/2019
-78.0175377	40.4989319	9/10/2019
-76.1543346	40.2257523	9/10/2019
-76.147668	40.2287475	9/10/2019
-76.1543346	40.2257523	9/10/2019
-76.147668	40.2287475	9/10/2019
-75.2479061	40.4107964	9/10/2019
-76.5896114	39.9021428	9/10/2019
-76.2506276	40.6865793	9/10/2019
-79.2121142	40.6231584	9/9/2019
-79.4985736	40.311643	9/7/2019
-77.0461021	39.8680784	9/6/2019
-75.6602588	40.0482286	9/6/2019
-75.8112451	41.3223636	9/5/2019
-75.8879111	41.260169	9/5/2019
-75.2640296	40.7322974	9/5/2019
-75.8879111	41.260169	9/5/2019
-75.6602588	40.0482286	9/5/2019
-75.3323812	39.9062443	9/5/2019
-76.9270573	40.314168	9/5/2019
-75.1410341	40.3188351	9/5/2019
-75.2640296	40.7322974	9/5/2019
-77.8382022	40.447194	9/5/2019
-75.3456797	40.113868	9/5/2019
-75.5491047	41.488055	9/5/2019
-75.5491047	41.488055	9/5/2019
-75.3456797	40.113868	9/5/2019
-76.8466018	40.9690749	9/5/2019
-75.8879111	41.260169	9/5/2019
-77.056986	41.2280699	9/5/2019
-75.5491047	41.488055	9/5/2019
-76.7282411	39.9780609	9/5/2019
-75.6010762	40.6613582	9/5/2019
-75.3514659	39.906932	9/4/2019
-79.2121142	40.6231584	9/4/2019
-80.30241	40.6529172	9/4/2019
-79.2121142	40.6231584	9/4/2019
-80.0787668	41.1506616	9/4/2019
-79.9088628	40.4137261	9/4/2019
-79.9088628	40.4137261	9/4/2019
-78.4412535	41.8086812	9/4/2019
-78.9708668	40.9436753	9/4/2019
-78.4412535	41.8086812	9/4/2019
-79.4985736	40.311643	9/4/2019
-79.3859762	41.1894259	9/4/2019
-78.4412535	41.8086812	9/4/2019
-79.2121142	40.6231584	9/4/2019
-78.3115173	40.9597438	9/4/2019
-79.9088628	40.4137261	9/4/2019
-79.9177835	40.0534502	9/4/2019
-75.783087	40.086042	8/30/2019
-79.9088628	40.4137261	8/28/2019
-78.4412535	41.8086812	8/27/2019
-80.121871	41.876557	8/27/2019
-80.0535049	40.5820219	8/24/2019
-80.0535049	40.5820219	8/22/2019
-76.3058328	40.0922165	8/22/2019
-75.7032742	40.0064958	8/19/2019
-80.028183	40.5707866	8/15/2019
-76.711375	39.9558383	8/14/2019
-75.1422703	39.9629357	8/14/2019
-75.1547205	40.0492457	8/7/2019
-79.4985736	40.311643	8/7/2019
-79.4985736	40.311643	8/7/2019
-77.8382022	40.447194	8/6/2019
-76.8795277	40.2614563	8/6/2019
-76.2506276	40.6865793	8/6/2019
-77.8382022	40.447194	8/6/2019
-78.4202124	40.4805676	8/6/2019
-76.7553518	40.1956811	8/5/2019
-77.5202647	40.0506453	8/5/2019
-75.9532186	40.3011727	8/3/2019
-75.9564547	40.3013059	8/1/2019
-75.9602943	40.3034541	7/30/2019
-75.1622454	39.9612819	7/30/2019
-75.222114	39.9797427	7/29/2019
-80.2867716	40.7004617	7/17/2019
-76.6939954	39.9474072	7/11/2019
-76.5445406	40.0620033	7/11/2019
-76.5445406	40.0620033	7/10/2019
-76.5445406	40.0620033	7/9/2019
-75.3987804	40.5380876	6/28/2019
-75.1831288	39.9216932	6/25/2019
-75.2405134	39.8772228	5/31/2019
-75.7177049	40.0136075	5/26/2019
-79.8244201	40.3257295	5/24/2019
-79.8244201	40.3257295	5/24/2019
-76.2920293	40.4744241	5/20/2019
-75.6801195	40.0333802	5/17/2019
-75.6801195	40.0333802	5/16/2019
-80.4607833	40.4190365	5/7/2019
-80.1875065	41.2619821	5/7/2019
-78.9406244	40.2283495	5/2/2019
-79.9773187	40.3559045	4/27/2019
-76.8658078	39.8745436	4/24/2019
-76.1572296	39.8087181	4/18/2019
-76.711375	39.9558383	4/18/2019
-76.5790069	40.1588447	4/16/2019
-76.3269994	40.0324936	4/15/2019
-76.1635655	39.897047	4/14/2019
-76.711375	39.9558383	4/14/2019
-80.0801198	42.1203032	4/14/2019
-76.3277276	40.0509709	4/13/2019
-76.5790069	40.1588447	4/13/2019
-76.711375	39.9558383	4/13/2019
-76.7132488	40.0680029	4/13/2019
-76.2847489	40.0469926	4/13/2019
-80.0758425	40.591955	4/12/2019
-76.3541274	39.9978764	4/9/2019
-76.2825383	40.0544895	4/9/2019
-75.2832387	40.0682732	4/6/2019
-80.1277669	40.4497719	4/5/2019
-79.7319253	40.6160727	4/4/2019
-76.6040833	39.8941687	4/4/2019
-76.6211442	39.9612369	4/4/2019
-79.3767968	40.2789703	4/4/2019
-79.8324755	40.5228382	4/4/2019
-79.9958864	40.4406248	4/3/2019
-80.2396246	40.4486849	4/3/2019
-79.9679002	40.5976992	3/29/2019
-75.7153423	40.0134684	3/29/2019
-78.6201935	40.4246772	3/29/2019
-75.3988312	39.9448284	3/28/2019
-78.4523502	40.2848585	3/28/2019
-79.3767968	40.2789703	3/28/2019
-79.9034807	42.0563712	3/28/2019
-80.1061351	40.4541997	3/27/2019
-79.3767968	40.2789703	3/27/2019
-75.7042497	40.0572724	3/27/2019
-78.4523502	40.2848585	3/26/2019
-78.4523502	40.2848585	3/26/2019
-78.4523502	40.2848585	3/26/2019
-78.199732	40.4620172	3/25/2019
-80.0801198	42.1203032	3/22/2019
-77.8748688	40.7761233	3/22/2019
-77.8748688	40.7761233	3/21/2019
-77.8748688	40.7761233	3/21/2019
-77.8748688	40.7761233	3/21/2019
-77.8748688	40.7761233	3/21/2019
-77.8748688	40.7761233	3/21/2019
-77.8748688	40.7761233	3/21/2019
-77.8748688	40.7761233	3/21/2019
-77.8748688	40.7761233	3/21/2019
-77.8600012	40.7933949	3/21/2019
-77.8748688	40.7761233	3/21/2019
-77.8748688	40.7761233	3/20/2019
-77.8843932	40.7992543	3/19/2019
-77.6765184	40.9191203	3/18/2019
-78.5555611	40.4805417	3/18/2019
-78.8351602	40.482515	3/17/2019
-75.7032742	40.0064958	3/15/2019
-78.5815719	40.4645204	3/15/2019
-75.5354489	40.0599741	3/15/2019
-75.7550922	40.0395815	3/14/2019
-75.3116995	40.0239802	3/11/2019
-75.3055947	40.2492866	3/8/2019
-79.7276936	40.6175437	3/8/2019
-75.2850006	39.9573368	3/8/2019
-79.7276936	40.6175437	3/7/2019
-78.2051549	40.4606424	3/7/2019
-76.3058328	40.0922165	3/7/2019
-76.2996197	40.1027607	3/7/2019
-75.7042497	40.0572724	3/7/2019
-75.7042497	40.0572724	3/7/2019
-75.7042497	40.0572724	3/7/2019
-75.1652215	39.9525839	3/6/2019
-78.5555611	40.4805417	3/5/2019
-78.5555611	40.4805417	3/5/2019
-78.5555611	40.4805417	3/5/2019
-78.5555611	40.4805417	3/5/2019
-78.5815719	40.4645204	3/5/2019
-78.6266502	40.42133	3/5/2019
-75.4111644	39.9309077	3/5/2019
-78.5815719	40.4645204	3/5/2019
-78.5815719	40.4645204	3/5/2019
-75.8521743	40.1645913	3/4/2019
-75.8534168	40.1627551	3/4/2019
-75.3116995	40.0239802	3/4/2019
-78.6114999	40.5161639	3/4/2019
-75.7212486	40.002344	3/4/2019
-75.7212486	40.002344	3/4/2019
-78.9406244	40.2283495	3/4/2019
-78.7286388	41.4203391	3/3/2019
-78.199732	40.4620172	3/1/2019
-75.8615613	40.3141885	3/1/2019
-75.5485057	40.6057485	3/1/2019
-75.5485057	40.6057485	3/1/2019
-76.5941299	40.1559191	3/1/2019
-75.8615613	40.3141885	3/1/2019
-78.5815719	40.4645204	3/1/2019
-75.8045272	39.8245582	3/1/2019
-75.8045272	39.8245582	3/1/2019
-75.8045272	39.8245582	3/1/2019
-75.8045272	39.8245582	3/1/2019
-75.8045272	39.8245582	3/1/2019
-75.8045272	39.8245582	3/1/2019
-75.8045272	39.8245582	3/1/2019
-75.8045272	39.8245582	3/1/2019
-76.2996197	40.1027607	3/1/2019
-76.3870605	40.1753039	3/1/2019
-76.3870605	40.1753039	3/1/2019
-75.7991282	40.2582641	3/1/2019
-76.3158759	40.0483704	3/1/2019
-76.3158759	40.0483704	3/1/2019
-75.6014855	40.0268202	3/1/2019
-75.9719049	40.3242868	2/27/2019
-75.56697	39.9796805	2/26/2019
-75.9215202	40.3926969	2/26/2019
-78.3203985	40.3058259	2/24/2019
-78.6200178	40.4259058	2/21/2019
-75.7016206	40.0578479	2/20/2019
-75.9210107	40.393431	2/20/2019
-75.6227167	39.9969041	2/19/2019
-75.1503653	40.0114485	2/19/2019
-75.1503653	40.0114485	2/19/2019
-75.56697	39.9796805	2/19/2019
-78.5815719	40.4645204	2/15/2019
-78.3646473	40.0141091	2/15/2019
-78.3646473	40.0141091	2/14/2019
-78.3646473	40.0141091	2/14/2019
-78.4297187	39.8515689	2/14/2019
-75.7042497	40.0572724	2/13/2019
-80.248526	42.025134	2/12/2019
-77.0880385	39.744544	2/12/2019
-75.9215202	40.3926969	2/12/2019
-74.9927459	40.2663411	2/11/2019
-75.2735023	40.1291254	2/11/2019
-75.1639054	40.1971505	2/11/2019
-78.5608334	41.4145962	2/11/2019
-75.7774177	40.5173165	2/11/2019
-75.1568526	40.0909195	2/11/2019
-78.8220715	40.2307099	2/11/2019
-80.1514484	41.6414438	2/11/2019
-75.428646	40.5786414	2/11/2019
-75.7042497	40.0572724	2/11/2019
-80.2461714	40.17396	2/11/2019
-76.5313011	41.9687168	2/8/2019
-79.9177835	40.0534502	2/6/2019
-80.0933302	40.3226388	2/1/2019
-75.0525359	40.0919565	2/1/2019
-75.3055947	40.2492866	2/1/2019
-74.9472723	40.0800184	1/31/2019
-75.6602588	40.0482286	1/31/2019
-80.0801198	42.1203032	1/31/2019
-80.0801198	42.1203032	1/31/2019
-75.9634016	40.3038913	1/30/2019
-75.2377878	40.9972392	1/30/2019
-75.5737358	40.0010803	1/29/2019
-78.6266502	40.42133	1/25/2019
-80.3016937	40.7364407	1/25/2019
-75.1754003	39.9253808	1/24/2019
-78.3646473	40.0141091	1/22/2019
-76.5313011	41.9687168	1/21/2019
-76.5313011	41.9687168	1/21/2019
-75.7042497	40.0572724	1/17/2019
-75.7177049	40.0136075	1/17/2019
-78.3646473	40.0141091	1/16/2019
-78.3646473	40.0141091	1/16/2019
-78.8845276	40.359738	1/15/2019
-78.4480236	40.4190459	1/15/2019
-78.449737	40.2967427	1/15/2019
-75.6602588	40.0482286	1/15/2019
-76.2910835	40.4687701	1/11/2019
-77.1137732	40.0072528	1/7/2019
-80.0050617	40.440069	1/7/2019
-75.741839	39.971618	1/4/2019
-75.7177049	40.0136075	12/18/2018
-75.6601655	40.0416087	12/17/2018
-76.3143378	40.1556085	12/13/2018
-76.3076333	40.1601834	12/13/2018
-76.2348763	39.9968503	12/13/2018
-76.39317	40.065257	12/13/2018
-76.0694084	40.1114606	12/13/2018
-76.1238412	40.3501069	12/13/2018
-76.2348763	39.9968503	12/12/2018
-76.3076333	40.1601834	12/12/2018
-76.319972	40.157891	12/12/2018
-76.319972	40.157891	12/12/2018
-76.2905405	40.0594847	12/12/2018
-76.3317081	40.0835293	12/12/2018
-76.2348763	39.9968503	12/12/2018
-76.3037375	40.1018953	12/12/2018
-76.4273844	40.3427069	12/11/2018
-76.3254659	40.121995	12/11/2018
-76.192894	40.089384	12/11/2018
-76.1191297	40.3482811	12/11/2018
-76.3289941	40.0346035	12/11/2018
-75.2885846	40.0983217	12/11/2018
-76.1919584	40.180407	12/7/2018
-76.1919584	40.180407	12/7/2018
-78.4523502	40.2848585	12/3/2018
-78.7190118	41.4331499	11/30/2018
-78.0105392	40.5055121	11/30/2018
-75.1754003	39.9253808	11/29/2018
-78.3991862	40.5107642	11/28/2018
-75.741839	39.971618	11/28/2018
-75.1652215	39.9525839	11/27/2018
-80.1900183	40.54487	11/26/2018
-75.2951258	40.1154011	11/26/2018
-75.2632189	40.1008207	11/26/2018
-80.1900183	40.54487	11/19/2018
-75.7042497	40.0572724	11/19/2018
-75.5983935	39.9533579	11/14/2018
-75.7177049	40.0136075	11/12/2018
-76.5941299	40.1559191	11/11/2018
-78.3319486	40.5949409	11/11/2018
-78.3319486	40.5949409	11/8/2018
-78.3319486	40.5949409	11/8/2018
-75.7177049	40.0136075	10/30/2018
-76.2348763	39.9968503	10/26/2018
-78.3991862	40.5107642	10/26/2018
-78.3991862	40.5107642	10/26/2018
-78.3991862	40.5107642	10/26/2018
-75.6602588	40.0482286	10/25/2018
-78.7190118	41.4331499	10/25/2018
-75.7042497	40.0572724	10/24/2018
-75.2595731	40.1022285	10/24/2018
-75.2972597	39.9567765	10/24/2018
-78.7190118	41.4331499	10/22/2018
-77.4987586	40.6309128	10/19/2018
-75.7177049	40.0136075	10/15/2018
-77.571382	40.5992395	10/13/2018
-75.6602588	40.0482286	10/12/2018
-75.7153423	40.0134684	10/12/2018
-75.7177049	40.0136075	10/11/2018
-75.7153423	40.0134684	10/11/2018
-78.7190118	41.4331499	10/9/2018
-75.2632189	40.1008207	10/9/2018
-78.7190118	41.4331499	10/8/2018
-78.4979248	40.2833995	10/8/2018
-78.7190118	41.4331499	10/8/2018
-78.7190118	41.4331499	10/8/2018
-78.7190118	41.4331499	10/8/2018
-78.7190118	41.4331499	10/4/2018
-75.6602588	40.0482286	9/27/2018
-75.7032742	40.0064958	9/25/2018
-79.9088628	40.4137261	9/25/2018
-75.6634296	40.0413939	9/17/2018
-76.9943673	40.184847	9/17/2018
-76.9943673	40.184847	9/17/2018
-79.9177835	40.0534502	9/16/2018
-75.6601655	40.0416087	9/14/2018
-76.4964782	40.9040327	9/13/2018
-80.1844243	40.5364846	9/13/2018
-79.9958864	40.4406248	9/13/2018
-75.6601655	40.0416087	9/13/2018
-78.0105392	40.5055121	9/6/2018
-75.5140216	39.8689945	8/28/2018
-77.0472027	40.7859166	8/28/2018
-78.0105392	40.5055121	8/27/2018
-77.9510209	40.5087323	8/27/2018
-75.6602588	40.0482286	8/23/2018
-75.6274583	40.0325817	8/23/2018
-75.6602588	40.0482286	8/20/2018
-75.5140216	39.8689945	8/20/2018
-75.6602588	40.0482286	8/20/2018
-75.5140216	39.8689945	8/20/2018
-75.6601655	40.0416087	8/20/2018
-75.5084892	39.8688797	8/20/2018
-75.7032742	40.0064958	8/20/2018
-74.8769932	40.1067451	8/13/2018
-76.7456189	40.1971999	8/10/2018
-76.215103	40.0530471	8/7/2018
-76.902812	40.603629	8/7/2018
-75.9695465	40.2421244	7/31/2018
-79.7881024	40.4211798	7/21/2018
-75.5467755	40.6380598	7/16/2018
-80.0693653	40.7692993	7/16/2018
-75.3988312	39.9448284	7/13/2018
-80.0912423	40.6436367	7/5/2018
-79.9958864	40.4406248	6/27/2018
-75.3878752	40.0390641	6/27/2018
-78.0098704	40.5080526	6/21/2018
-75.6801195	40.0333802	6/19/2018
-75.0251539	40.1055778	6/16/2018
-75.2247061	40.1515423	6/7/2018
-75.7016206	40.0578479	6/2/2018
-75.2677304	39.956163	5/30/2018
-75.2677304	39.956163	5/29/2018
-79.2438815	40.2534184	5/24/2018
-75.741839	39.971618	5/23/2018
-79.1525349	40.6214551	5/18/2018
-75.6602588	40.0482286	5/17/2018
-76.9973467	40.3545776	5/10/2018
-78.0105392	40.5055121	5/9/2018
-75.7042497	40.0572724	5/8/2018
-75.7042497	40.0572724	5/7/2018
-78.4523502	40.2848585	5/7/2018
-75.3761952	39.9767076	5/6/2018
-75.7097504	39.9887578	5/4/2018
-79.1499146	40.6318331	5/2/2018
-77.9510209	40.5087323	5/2/2018
-80.0912423	40.6436367	4/27/2018
-75.6581731	40.048182	4/26/2018
-75.6602588	40.0482286	4/26/2018
-75.6581731	40.048182	4/26/2018
-75.3031801	39.9585467	4/26/2018
-75.7177049	40.0136075	4/26/2018
-75.741839	39.971618	4/25/2018
-75.7153423	40.0134684	4/24/2018
-75.6601655	40.0416087	4/24/2018
-75.7153423	40.0134684	4/24/2018
-75.7153423	40.0134684	4/23/2018
-75.6601655	40.0416087	4/23/2018
-75.741839	39.971618	4/20/2018
-78.5821546	40.1423343	4/19/2018
-75.741839	39.971618	4/18/2018
-76.3055144	40.0378755	4/17/2018
-78.5817875	40.1423175	4/17/2018
-75.7177049	40.0136075	4/17/2018
-75.6342521	40.0784461	4/16/2018
-78.5817875	40.1423175	4/13/2018
-75.7042497	40.0572724	4/12/2018
-78.5821546	40.1423343	4/12/2018
-78.5820841	40.1406705	4/12/2018
-78.5821546	40.1423343	4/11/2018
-78.5821546	40.1423343	4/11/2018
-78.5821546	40.1423343	4/11/2018
-78.5821546	40.1423343	4/11/2018
-78.5817875	40.1423175	4/11/2018
-78.5821546	40.1423343	4/11/2018
-78.5817875	40.1423175	4/11/2018
-75.7550922	40.0395815	4/11/2018
-78.5821546	40.1423343	4/11/2018
-78.5817875	40.1423175	4/11/2018
-78.5817875	40.1423175	4/11/2018
-78.5817875	40.1423175	4/11/2018
-78.5817875	40.1423175	4/11/2018
-78.5817875	40.1423175	4/11/2018
-78.5821546	40.1423343	4/11/2018
-78.5821546	40.1423343	4/11/2018
-78.5821546	40.1423343	4/11/2018
-78.5817875	40.1423175	4/11/2018
-75.6954408	40.0108928	4/11/2018
-75.741839	39.971618	4/11/2018
-75.741839	39.971618	4/11/2018
-78.5821546	40.1423343	4/11/2018
-78.5821546	40.1423343	4/11/2018
-78.5821546	40.1423343	4/11/2018
-78.5821546	40.1423343	4/11/2018
-80.0735728	40.6334134	4/11/2018
-79.1499146	40.6318331	4/11/2018
-80.0671626	40.4310846	4/11/2018
-78.6114999	40.1129616	4/11/2018
-78.5817875	40.1423175	4/10/2018
-75.7042497	40.0572724	4/10/2018
-75.7153423	40.0134684	4/10/2018
-75.6601655	40.0416087	4/10/2018
-78.5821546	40.1423343	4/10/2018
-79.9088628	40.4137261	4/6/2018
-78.5820841	40.1406705	4/5/2018
-75.7153423	40.0134684	4/4/2018
-78.5821546	40.1423343	4/4/2018
-78.5817875	40.1423175	4/4/2018
-75.7177049	40.0136075	4/3/2018
-78.5821546	40.1423343	4/3/2018
-78.5821546	40.1423343	4/3/2018
-75.5265102	40.1899326	4/2/2018
-74.9461079	40.2341032	3/30/2018
-78.5820841	40.1406705	3/29/2018
-80.0535049	40.5820219	3/27/2018
-75.7177049	40.0136075	3/27/2018
-75.6342521	40.0784461	3/27/2018
-75.7550922	40.0395815	3/25/2018
-75.7153423	40.0134684	3/23/2018
-75.5983935	39.9533579	3/22/2018
-75.7177049	40.0136075	3/22/2018
-75.7042497	40.0572724	3/21/2018
-75.6601655	40.0416087	3/20/2018
-75.6601655	40.0416087	3/20/2018
-75.6601655	40.0416087	3/19/2018
-75.7153423	40.0134684	3/19/2018
-75.6601655	40.0416087	3/16/2018
-76.7531114	40.0115453	3/15/2018
-75.6601655	40.0416087	3/15/2018
-76.7531114	40.0115453	3/14/2018
-75.6601655	40.0416087	3/14/2018
-75.6601655	40.0416087	3/14/2018
-75.6601655	40.0416087	3/14/2018
-75.7177049	40.0136075	3/14/2018
-75.6601655	40.0416087	3/14/2018
-75.7177049	40.0136075	3/13/2018
-75.7153423	40.0134684	3/13/2018
-75.7177049	40.0136075	3/13/2018
-76.1075196	40.0083146	3/9/2018
-80.1209924	40.4661532	3/9/2018
-76.9697379	39.8995704	3/8/2018
-78.5821546	40.1423343	3/7/2018
-78.5821546	40.1423343	3/7/2018
-75.6801195	40.0333802	3/7/2018
-78.5817875	40.1423175	3/7/2018
-78.5817875	40.1423175	3/7/2018
-75.6601655	40.0416087	3/6/2018
-75.3031801	39.9585467	3/6/2018
-80.0235217	40.4557447	3/6/2018
-78.5821546	40.1423343	3/5/2018
-75.6601655	40.0416087	3/2/2018
-78.4523502	40.2848585	2/28/2018
-75.7042497	40.0572724	2/27/2018
-75.7016206	40.0578479	2/27/2018
-75.6602588	40.0482286	2/26/2018
-75.7097504	39.9887578	2/26/2018
-78.4979248	40.2833995	2/22/2018
-75.6801195	40.0333802	2/20/2018
-75.7016206	40.0578479	2/20/2018
-75.7097504	39.9887578	2/20/2018
-75.7153423	40.0134684	2/19/2018
-75.6602588	40.0482286	2/19/2018
-75.6601655	40.0416087	2/19/2018
-75.7143428	40.0090218	2/19/2018
-75.7153423	40.0134684	2/19/2018
-75.7042497	40.0572724	2/19/2018
-75.6602588	40.0482286	2/19/2018
-75.7550922	40.0395815	2/19/2018
-75.6634296	40.0413939	2/19/2018
-75.6801195	40.0333802	2/19/2018
-75.7550922	40.0395815	2/19/2018
-75.7550922	40.0395815	2/19/2018
-75.6954408	40.0108928	2/19/2018
-75.6954408	40.0108928	2/19/2018
-75.7097504	39.9887578	2/19/2018
-75.6801195	40.0333802	2/19/2018
-75.6801195	40.0333802	2/19/2018
-75.6954408	40.0108928	2/19/2018
-75.7097504	39.9887578	2/16/2018
-75.6054882	39.9606643	2/16/2018
-75.6801195	40.0333802	2/15/2018
-75.6801195	40.0333802	2/15/2018
-75.6801195	40.0333802	2/15/2018
-75.6954408	40.0108928	2/15/2018
-77.1364382	40.1529736	2/15/2018
-80.1199904	40.4671455	2/14/2018
-76.5943333	40.3041842	2/14/2018
-76.2945221	40.0987954	2/14/2018
-75.7097504	39.9887578	1/31/2018
-75.7097504	39.9887578	1/31/2018
-75.7016206	40.0578479	1/31/2018
-75.7042497	40.0572724	1/29/2018
-75.6634296	40.0413939	1/25/2018
-75.6634296	40.0413939	1/24/2018
-75.6634296	40.0413939	1/24/2018
-75.7016206	40.0578479	1/19/2018
-75.7032742	40.0064958	1/19/2018
-75.1652215	39.9525839	1/17/2018
-75.6602588	40.0482286	1/14/2018
-75.4420613	39.8247879	12/12/2017
-76.1238412	40.3501069	12/8/2017
-75.9634016	40.3038913	12/8/2017
-75.8691144	40.3201984	12/6/2017
-75.9788889	40.3349239	12/5/2017
-76.0261662	40.2863907	12/5/2017
-75.6374083	40.3337075	12/5/2017
-76.1238412	40.3501069	12/5/2017
-75.9602943	40.3034541	12/5/2017
-76.0261662	40.2863907	12/5/2017
-76.1191297	40.3482811	12/5/2017
-76.1088001	40.3793942	12/5/2017
-76.7531114	40.0115453	12/5/2017
-75.952765	40.4017313	12/4/2017
-75.4230922	39.8240985	11/30/2017
-75.6634296	40.0413939	11/28/2017
-75.412569	40.0938713	11/24/2017
-75.741839	39.971618	11/22/2017
-75.7212486	40.002344	11/16/2017
-77.4987586	40.6309128	11/16/2017
-75.8045272	39.8245582	11/14/2017
-75.783087	40.086042	11/14/2017
-75.6634296	40.0413939	11/14/2017
-75.783087	40.086042	11/14/2017
-75.741839	39.971618	11/14/2017
-75.7212486	40.002344	11/14/2017
-75.7550922	40.0395815	11/14/2017
-75.686722	40.07944	11/14/2017
-75.6634296	40.0413939	11/14/2017
-75.7255192	39.9606653	11/13/2017
-75.6342521	40.0784461	11/13/2017
-78.2051549	40.4606424	11/13/2017
-75.8045272	39.8245582	11/11/2017
-75.741839	39.971618	11/9/2017
-75.7016206	40.0578479	11/9/2017
-75.6634296	40.0413939	11/8/2017
-75.7016206	40.0578479	11/8/2017
-75.1628377	39.980573	11/6/2017
-80.4720141	41.2592225	11/2/2017
-80.1209924	40.4661532	11/1/2017
-75.6954408	40.0108928	10/30/2017
-75.6954408	40.0108928	10/27/2017
-75.741839	39.971618	10/26/2017
-75.6634296	40.0413939	10/26/2017
-76.7328344	39.9711156	10/18/2017
-75.6954408	40.0108928	10/16/2017
-77.5664605	40.5942977	10/16/2017
-79.9592318	40.4421701	10/12/2017
-75.7097504	39.9887578	10/12/2017
-75.7016206	40.0578479	10/12/2017
-75.7016206	40.0578479	10/12/2017
-75.6342521	40.0784461	10/11/2017
-75.783087	40.086042	10/11/2017
-75.783087	40.086042	10/10/2017
-75.6801195	40.0333802	10/10/2017
-75.783087	40.086042	10/10/2017
-75.6634296	40.0413939	10/10/2017
-75.7212486	40.002344	10/10/2017
-75.6801195	40.0333802	10/10/2017
-75.741839	39.971618	10/10/2017
-75.6954408	40.0108928	10/10/2017
-75.7212486	40.002344	10/10/2017
-75.686722	40.07944	10/10/2017
-75.7016206	40.0578479	10/10/2017
-75.783087	40.086042	10/10/2017
-75.7016206	40.0578479	10/10/2017
-75.6634296	40.0413939	10/10/2017
-75.7016206	40.0578479	10/10/2017
-75.7016206	40.0578479	10/10/2017
-75.783087	40.086042	10/10/2017
-75.741839	39.971618	10/10/2017
-75.7016206	40.0578479	10/10/2017
-75.7550922	40.0395815	10/10/2017
-75.6342521	40.0784461	10/10/2017
-75.6634296	40.0413939	10/10/2017
-75.783087	40.086042	10/10/2017
-75.783087	40.086042	10/10/2017
-75.7255192	39.9606653	10/10/2017
-75.741839	39.971618	10/10/2017
-75.741839	39.971618	10/10/2017
-75.6634296	40.0413939	10/10/2017
-75.7016206	40.0578479	10/10/2017
-75.741839	39.971618	10/10/2017
-75.7550922	40.0395815	10/10/2017
-75.737149	40.0526452	10/10/2017
-75.7212486	40.002344	10/10/2017
-75.783087	40.086042	10/10/2017
-75.741839	39.971618	10/10/2017
-75.741839	39.971618	10/10/2017
-75.1598203	39.9547827	10/10/2017
-75.7016206	40.0578479	10/10/2017
-75.6634296	40.0413939	10/10/2017
-75.6988943	39.9971828	10/10/2017
-75.7016206	40.0578479	10/10/2017
-75.741839	39.971618	10/10/2017
-75.6634296	40.0413939	10/10/2017
-75.6634296	40.0413939	10/10/2017
-75.6801195	40.0333802	10/10/2017
-75.7550922	40.0395815	10/10/2017
-75.7097504	39.9887578	10/10/2017
-75.7550922	40.0395815	10/10/2017
-75.7212486	40.002344	10/10/2017
-75.783087	40.086042	10/10/2017
-75.741839	39.971618	10/10/2017
-75.783087	40.086042	10/10/2017
-75.7016206	40.0578479	10/10/2017
-75.7016206	40.0578479	10/10/2017
-75.7212486	40.002344	10/10/2017
-75.6634296	40.0413939	10/10/2017
-75.7016206	40.0578479	10/10/2017
-75.6342521	40.0784461	10/10/2017
-75.6801195	40.0333802	10/10/2017
-75.783087	40.086042	10/10/2017
-75.783087	40.086042	10/10/2017
-75.6634296	40.0413939	10/10/2017
-75.741839	39.971618	10/10/2017
-75.7212486	40.002344	10/10/2017
-75.783087	40.086042	10/10/2017
-75.7212486	40.002344	10/10/2017
-75.6801195	40.0333802	10/10/2017
-75.7550922	40.0395815	10/10/2017
-75.7097504	39.9887578	10/10/2017
-75.7212486	40.002344	10/10/2017
-75.6954408	40.0108928	10/10/2017
-75.6954408	40.0108928	10/10/2017
-75.7016206	40.0578479	10/10/2017
-75.741839	39.971618	10/10/2017
-75.6801195	40.0333802	10/10/2017
-75.6801195	40.0333802	10/10/2017
-75.7016206	40.0578479	10/10/2017
-75.6954408	40.0108928	10/2/2017
-75.6602588	40.0482286	9/28/2017
-76.8795277	40.2614563	9/28/2017
-80.1205256	40.4749182	9/28/2017
-75.3599105	40.0462208	9/27/2017
-80.0105388	40.5653546	9/26/2017
-77.4987586	40.6309128	9/23/2017
-80.066166	40.435069	9/19/2017
-80.096334	40.5867764	9/19/2017
-78.6114999	40.1129616	9/18/2017
-78.0105392	40.5055121	9/18/2017
-77.571382	40.5992395	9/17/2017
-77.4987586	40.6309128	9/15/2017
-80.1044085	40.4870162	9/14/2017
-76.7003931	40.0143389	9/14/2017
-76.7003931	40.0143389	9/14/2017
-75.7212486	40.002344	9/12/2017
-75.6988943	39.9971828	9/12/2017
-78.0122304	40.504628	8/12/2017
-75.7153423	40.0134684	8/3/2017
-80.3876208	40.3959504	8/1/2017
-76.7843482	41.7900684	7/29/2017
-75.783087	40.086042	6/14/2017
-76.2007734	40.8203658	6/8/2017
-79.7184951	41.6445773	5/25/2017
-78.4979248	40.2833995	5/23/2017
-80.1684976	40.530539	5/12/2017
-76.7531114	40.0115453	4/27/2017
-75.7324127	40.8759235	4/26/2017
-76.640459	39.9948637	4/19/2017
-75.5975296	39.9546245	4/18/2017
-76.696104	39.989603	4/17/2017
-78.6114999	40.1129616	4/12/2017
-79.1472688	40.6267203	4/11/2017
-80.1354438	40.485575	4/11/2017
-76.2007734	40.8203658	4/10/2017
-77.8382022	40.447194	4/10/2017
-79.6736631	41.6270036	4/10/2017
-75.7245559	40.8321647	4/8/2017
-75.729497	40.8744439	4/8/2017
-76.2900682	40.7715848	4/8/2017
-76.1416033	40.8125881	4/8/2017
-75.7276544	40.8836918	4/7/2017
-76.2106122	40.819576	4/7/2017
-76.2007734	40.8203658	4/7/2017
-76.2007734	40.8203658	4/7/2017
-79.1476216	40.6201655	4/7/2017
-78.0098704	40.5080526	4/7/2017
-78.4069732	40.4353319	4/7/2017
-78.3996198	40.4312287	4/7/2017
-79.655614	40.354178	4/7/2017
-79.655614	40.354178	4/7/2017
-79.2375325	40.2431278	4/7/2017
-78.394174	40.4331246	4/7/2017
-80.1144525	40.4590707	3/23/2017
-80.1354438	40.485575	3/15/2017
-80.1200956	40.4805956	3/10/2017
-80.1200956	40.4805956	3/8/2017
-80.0535049	40.5820219	1/31/2017
-80.0945687	40.6439408	1/31/2017
-80.1199904	40.4671455	1/23/2017
-75.385884	40.0420949	1/10/2017
-80.1354438	40.485575	12/19/2016
-79.8917139	40.0656291	11/28/2016
-80.1011354	40.485147	11/15/2016
-80.1277669	40.4497719	11/15/2016
-80.028183	40.5707866	10/20/2016
-74.8459972	40.245664	8/12/2016
-80.0671626	40.4310846	3/23/2016
-80.1199904	40.4671455	3/4/2016
-80.1354438	40.485575	2/12/2016
-80.1011354	40.485147	2/12/2016
-80.081822	40.4012259	2/9/2016
-80.0671626	40.4310846	1/27/2016
-80.0671626	40.4310846	1/26/2016
-79.9958864	40.4406248	1/25/2016
-80.066166	40.435069	1/19/2016
-80.0671626	40.4310846	1/15/2016
-80.0671626	40.4310846	1/14/2016
-80.0671626	40.4310846	1/14/2016
-80.066166	40.435069	1/11/2016
-80.1199904	40.4671455	1/4/2016
-80.1277669	40.4497719	12/10/2015
-80.0656106	40.4656244	12/4/2015
-80.1205256	40.4749182	12/4/2015
-80.096975	40.4245002	11/15/2015
-80.096975	40.4245002	11/13/2015
-80.0050617	40.440069	11/7/2015
-79.886379	40.572803	11/7/2015
-76.8295628	40.2374919	11/7/2015
-80.096975	40.4245002	11/6/2015
-80.1011354	40.485147	9/11/2015
-80.1199904	40.4671455	9/11/2015